unitid,institution_name,city,state,fte12mn,unduplicated_headcount
100654,Alabama A & M University,Normal,AL,5586,7120
100663,University of Alabama at Birmingham,Birmingham,AL,19920,24893
100690,Amridge University,Montgomery,AL,529,861
100706,University of Alabama in Huntsville,Huntsville,AL,7294,9916
100724,Alabama State University,Montgomery,AL,3990,4308
100751,The University of Alabama,Tuscaloosa,AL,36494,43627
100760,Central Alabama Community College,Alexander City,AL,1208,2737
100812,,,,2270,3925
100830,Auburn University at Montgomery,Montgomery,AL,4575,6526
100858,Auburn University,Auburn,AL,31001,37008
101028,Chattahoochee Valley Community College,Phenix City,AL,1071,2337
101116,South University-Montgomery,Montgomery,AL,333,563
101143,Enterprise State Community College,Enterprise,AL,1666,3096
101161,Coastal Alabama Community College,Bay Minette,AL,4919,9200
101189,Faulkner University,Montgomery,AL,2888,3688
101240,,,,3395,6385
101277,,,,69,54
101286,,,,2696,5511
101295,George C Wallace State Community College-Hanceville,Hanceville,AL,4088,8238
101301,,,,1368,2782
101365,Herzing University-Birmingham,Birmingham,AL,427,892
101435,Huntingdon College,Montgomery,AL,803,902
101453,,,,85,191
101462,,,,679,1524
101471,,,,1136,1726
101480,Jacksonville State University,Jacksonville,AL,8470,11369
101505,Jefferson State Community College,Birmingham,AL,5156,12720
101514,John C Calhoun State Community College,Tanner,AL,6001,13318
101569,,,,2187,4739
101587,University of West Alabama,Livingston,AL,5278,9464
101602,,,,1365,2821
101648,Marion Military Institute,Marion,AL,328,325
101675,Miles College,Fairfield,AL,725,1617
101693,University of Mobile,Mobile,AL,1406,1994
101709,University of Montevallo,Montevallo,AL,2327,3860
101736,Northwest Shoals Community College,Muscle Shoals,AL,2255,5676
101879,University of North Alabama,Florence,AL,7697,12537
101897,Northeast Alabama Community College,Rainsville,AL,1845,4009
101912,Oakwood University,Huntsville,AL,1315,1459
101994,,,,441,697
102030,,,,2136,4895
102049,Samford University,Birmingham,AL,6107,6227
102058,,,,28,92
102067,,,,3147,7400
102076,Snead State Community College,Boaz,AL,2564,7821
102094,University of South Alabama,Mobile,AL,13449,15943
102234,Spring Hill College,Mobile,AL,1007,1134
102270,Stillman College,Tuscaloosa,AL,689,904
102298,Talladega College,Talladega,AL,867,1317
102313,,,,1473,2766
102368,Troy University,Troy,AL,10820,17550
102377,Tuskegee University,Tuskegee,AL,3062,4240
102395,,,,177,396
102429,,,,2494,5472
102553,University of Alaska Anchorage,Anchorage,AK,7111,17753
102580,,,,29,73
102614,University of Alaska Fairbanks,Fairbanks,AK,4443,11023
102632,University of Alaska Southeast,Juneau,AK,1063,3464
102669,Alaska Pacific University,Anchorage,AK,442,771
102711,,,,149,1070
102845,Charter College,Anchorage,AK,6368,3980
103501,,,,368,366
103741,,,,221,351
103893,,,,1109,1729
103909,,,,525,815
103927,,,,493,724
103954,,,,45,82
103963,,,,937,1000
104090,,,,835,1127
104151,Arizona State University Campus Immersion,Tempe,AZ,78126,86547
104160,Arizona Western College,Yuma,AZ,5399,12473
104179,University of Arizona,Tucson,AZ,49407,61966
104346,Central Arizona College,Coolidge,AZ,3199,8263
104391,,,,84,145
104425,Cochise County Community College District,Sierra Vista,AZ,5503,8804
104443,,,,113,147
104568,,,,393,564
104577,,,,2936,7093
104586,Embry-Riddle Aeronautical University-Prescott,Prescott,AZ,3192,3433
104665,,,,6,6
104708,Glendale Community College,Glendale,AZ,7493,20692
104717,Grand Canyon University,Phoenix,AZ,102293,170467
105145,GateWay Community College,Phoenix,AZ,2669,7866
105154,Mesa Community College,Mesa,AZ,8935,25599
105206,Mohave Community College,Kingman,AZ,2398,5504
105215,,,,753,822
105297,,,,1194,2312
105330,Northern Arizona University,Flagstaff,AZ,29015,31448
105349,,,,1595,4917
105428,Phoenix College,Phoenix,AZ,5495,16165
105525,Pima Community College,Tucson,AZ,13023,33102
105534,,,,4206,4270
105543,,,,904,1107
105589,Prescott College,Prescott,AZ,846,1162
105659,,,,1377,2218
105668,Rio Salado College,Tempe,AZ,10905,34287
105677,,,,37,46
105747,Scottsdale Community College,Scottsdale,AZ,3567,11319
105792,South Mountain Community College,Phoenix,AZ,2207,6113
105899,Arizona Christian University,Glendale,AZ,1161,1368
106041,,,,2420,2612
106148,Yavapai College,Prescott,AZ,3751,9665
106245,University of Arkansas at Little Rock,Little Rock,AR,6003,10086
106263,,,,3084,3697
106306,Arkansas Baptist College,Little Rock,AR,358,522
106315,,,,143,145
106324,,,,36,78
106342,Lyon College,Batesville,AR,573,598
106351,,,,74,117
106397,University of Arkansas,Fayetteville,AR,29355,34602
106412,University of Arkansas at Pine Bluff,Pine Bluff,AR,1868,2305
106449,Arkansas State University-Beebe,Beebe,AR,2153,4027
106458,Arkansas State University,Jonesboro,AR,13194,20313
106467,Arkansas Tech University,Russellville,AR,6626,10783
106485,University of Arkansas at Monticello,Monticello,AR,2326,3377
106494,,,,45,62
106546,,,,553,740
106625,Black River Technical College,Pocahontas,AR,1086,2178
106704,University of Central Arkansas,Conway,AR,8973,10989
106713,Central Baptist College,Conway,AR,487,589
106795,,,,831,1708
106810,Crowley's Ridge College,Paragould,AR,169,301
106883,East Arkansas Community College,Forrest City,AR,729,1765
106908,,,,423,608
106980,National Park College,Hot Springs,AR,1601,2824
106999,University of Arkansas Community College-Batesville,Batesville,AR,837,1548
107044,Harding University,Searcy,AR,4326,5753
107071,Henderson State University,Arkadelphia,AR,1889,2521
107080,Hendrix College,Conway,AR,1044,1118
107099,,,,114,144
107123,,,,90,112
107141,John Brown University,Siloam Springs,AR,1899,2776
107220,,,,313,379
107293,,,,69,116
107318,,,,592,1388
107327,,,,773,1945
107442,,,,43,66
107460,North Arkansas College,Harrison,AR,1291,2409
107488,,,,261,294
107512,Ouachita Baptist University,Arkadelphia,AR,1712,1922
107521,Arkansas State University Three Rivers,Malvern,AR,921,2293
107549,Ozarka College,Melbourne,AR,645,1327
107558,University of the Ozarks,Clarksville,AR,763,799
107585,University of Arkansas Community College-Morrilton,Morrilton,AR,1448,2752
107600,Philander Smith University,Little Rock,AR,877,1001
107619,,,,839,1725
107637,Southeast Arkansas College,Pine Bluff,AR,693,1365
107655,,,,34,50
107664,University of Arkansas-Pulaski Technical College,North Little Rock,AR,3299,6678
107725,,,,747,1639
107743,University of Arkansas Community College Rich Mountain,Mena,AR,544,872
107789,,,,137,156
107831,,,,69,88
107840,,,,190,583
107877,Williams Baptist University,Walnut Ridge,AR,497,536
107974,South Arkansas College,El Dorado,AR,861,1678
107983,Southern Arkansas University Main Campus,Magnolia,AR,4239,5979
107992,Southern Arkansas University Tech,Camden,AR,793,1435
108065,,,,11,19
108092,University of Arkansas-Fort Smith,Fort Smith,AR,4274,6139
108232,Academy of Art University,San Francisco,CA,4303,8463
108269,,,,154,137
108667,,,,2601,10376
108807,,,,6180,16308
108852,American Academy of Dramatic Arts-Los Angeles,Los Angeles,CA,184,181
108861,,,,32,214
108870,,,,448,448
108977,,,,258,483
109040,,,,3141,3302
109208,American River College,Sacramento,CA,17101,47377
109350,Antelope Valley Community College District,Lancaster,CA,8178,17155
109651,Art Center College of Design,Pasadena,CA,2692,2923
109721,,,,349,436
109785,Azusa Pacific University,Azusa,CA,6332,7906
109819,Bakersfield College,Bakersfield,CA,17204,45178
109907,Barstow Community College,Barstow,CA,2339,5085
109934,,,,447,673
110060,,,,217,352
110097,Biola University,La Mirada,CA,4436,5846
110194,,,,277,471
110219,Bryan University,Tempe,AZ,2308,3999
110246,Butte College,Oroville,CA,7352,13048
110316,,,,1318,2402
110334,Cabrillo College,Aptos,CA,4677,14569
110361,California Baptist University,Riverside,CA,11495,13806
110370,California College of the Arts,San Francisco,CA,1375,1632
110398,,,,1172,1235
110404,,,,2465,2548
110413,California Lutheran University,Thousand Oaks,CA,3361,3925
110422,California Polytechnic State University-San Luis Obispo,San Luis Obispo,CA,22491,23829
110468,,,,3684,5576
110486,California State University-Bakersfield,Bakersfield,CA,8688,11993
110495,California State University-Stanislaus,Turlock,CA,8698,11300
110510,California State University-San Bernardino,San Bernardino,CA,16357,21236
110529,California State Polytechnic University-Pomona,Pomona,CA,23492,29319
110538,California State University-Chico,Chico,CA,13240,15936
110547,California State University-Dominguez Hills,Carson,CA,12425,17196
110556,California State University-Fresno,Fresno,CA,20684,26013
110565,California State University-Fullerton,Fullerton,CA,35485,46633
110574,California State University-East Bay,Hayward,CA,11518,15103
110583,California State University-Long Beach,Long Beach,CA,34294,44099
110592,California State University-Los Angeles,Los Angeles,CA,21320,27493
110608,California State University-Northridge,Northridge,CA,31769,42018
110617,California State University-Sacramento,Sacramento,CA,27230,36908
110635,University of California-Berkeley,Berkeley,CA,46344,48556
110644,University of California-Davis,Davis,CA,39661,41916
110653,University of California-Irvine,Irvine,CA,37955,38546
110662,University of California-Los Angeles,Los Angeles,CA,48587,49388
110671,University of California-Riverside,Riverside,CA,26448,28335
110680,University of California-San Diego,La Jolla,CA,44071,44416
110699,,,,2647,3184
110705,University of California-Santa Barbara,Santa Barbara,CA,26663,27662
110714,University of California-Santa Cruz,Santa Cruz,CA,21302,21313
110778,,,,533,1307
110875,,,,117,127
111045,,,,70,119
111054,,,,95,176
111081,California Institute of the Arts,Valencia,CA,1398,1386
111188,California State University Maritime Academy,Vallejo,CA,938,924
111391,,,,652,674
111434,,,,2798,10971
111461,College of the Canyons,Santa Clarita,CA,10515,31952
111513,,,,232,395
111638,,,,750,832
111708,,,,194,349
111717,,,,171,335
111726,,,,136,256
111744,,,,152,289
111762,,,,121,241
111799,,,,178,306
111887,Cerritos College,Norwalk,CA,16933,30699
111896,,,,2631,9239
111920,Chabot College,Hayward,CA,7081,18536
111939,,,,13310,32265
111948,Chapman University,Orange,CA,9836,10474
111966,Charles R Drew University of Medicine and Science,Los Angeles,CA,1197,1107
112075,Concordia University-Irvine,Irvine,CA,3363,4913
112084,San Diego Christian College,Santee,CA,85,150
112127,,,,37,72
112172,Citrus College,Glendora,CA,7681,14780
112181,,,,105,188
112190,City College of San Francisco,San Francisco,CA,10158,26918
112251,,,,908,1967
112260,Claremont McKenna College,Claremont,CA,1367,1419
112288,,,,635,1163
112367,,,,230,691
112385,Coastline Community College,Fountain Valley,CA,4127,16323
112394,University of Silicon Valley,San Jose,CA,434,621
112455,,,,107,193
112525,,,,3685,3760
112561,,,,1479,3653
112570,California College of ASU,Los Angeles,CA,103,164
112686,,,,2819,7164
112826,,,,3492,9621
113096,Cosumnes River College,Sacramento,CA,9393,23132
113111,,,,3627,9263
113193,Cuesta College,San Luis Obispo,CA,5869,14945
113218,,,,4434,13482
113236,Cypress College,Cypress,CA,8981,20211
113333,De Anza College,Cupertino,CA,12880,28620
113449,,,,185,279
113573,,,,6862,15931
113582,Design Institute of San Diego,San Diego,CA,124,128
113616,,,,41,45
113634,Diablo Valley College,Pleasant Hill,CA,10899,24627
113698,Dominican University of California,San Rafael,CA,2029,2413
113704,,,,50,67
113856,East Los Angeles College,Monterey Park,CA,15573,58027
113980,,,,14223,32070
114114,,,,226,208
114266,Evergreen Valley College,San Jose,CA,5185,15212
114354,FIDM-Fashion Institute of Design & Merchandising,Los Angeles,CA,875,1550
114433,Feather River Community College District,Quincy,CA,1109,2878
114460,,,,225,395
114549,,,,812,1303
114585,,,,336,360
114637,,,,47,94
114716,Foothill College,Los Altos Hills,CA,7951,24501
114734,,,,54,98
114761,,,,65,117
114789,Fresno City College,Fresno,CA,14149,38808
114813,Fresno Pacific University,Fresno,CA,2543,3531
114840,,,,1429,2701
114859,Fullerton College,Fullerton,CA,12261,26864
114938,,,,3332,9204
114947,,,,124,250
115001,Glendale Community College,Glendale,CA,10240,16366
115010,,,,870,1240
115083,,,,5057,5866
115126,Golden West College,Huntington Beach,CA,6560,17968
115214,,,,142,188
115296,Grossmont College,El Cajon,CA,8046,19622
115357,,,,187,287
115393,,,,6014,14561
115409,Harvey Mudd College,Claremont,CA,957,1016
115658,,,,83,115
115746,,,,803,956
115755,California State Polytechnic University-Humboldt,Arcata,CA,5653,6780
115773,Humphreys University-Stockton and Modesto Campuses,Stockton,CA,485,897
115861,,,,6213,11097
115931,,,,607,1139
116226,,,,78,146
116439,Irvine Valley College,Irvine,CA,8172,17862
116563,,,,226,318
116846,,,,134,244
117052,Reedley College,Reedley,CA,4773,15045
117104,Life Pacific University,San Dimas,CA,451,596
117140,University of La Verne,La Verne,CA,5345,6589
117168,Laguna College of Art and Design,Laguna Beach,CA,721,893
117195,,,,1737,9293
117238,,,,160,173
117247,,,,5060,16374
117274,,,,1010,2798
117283,,,,60,118
117520,,,,593,748
117557,,,,511,623
117575,,,,142,237
117627,La Sierra University,Riverside,CA,1417,1917
117636,,,,4113,4979
117645,Long Beach City College,Long Beach,CA,16714,35542
117672,Southern California University of Health Sciences,Whittier,CA,1998,4324
117690,,,,4427,16412
117706,Los Angeles Pierce College,Woodland Hills,CA,9581,25666
117715,,,,2491,10263
117724,Los Angeles Trade Technical College,Los Angeles,CA,6621,21049
117733,Los Angeles Valley College,Valley Glen,CA,8307,26580
117751,The Master's University and Seminary,Santa Clarita,CA,2344,3118
117788,Los Angeles City College,Los Angeles,CA,7436,25304
117803,,,,153,322
117867,Los Angeles Mission College,Sylmar,CA,5084,19099
117894,,,,5195,11638
117946,Loyola Marymount University,Los Angeles,CA,9250,11120
117955,,,,296,454
118134,,,,70,169
118143,,,,62,153
118161,,,,136,188
118198,,,,1687,2158
118347,College of Marin,Kentfield,CA,3095,6945
118684,Mendocino College,Ukiah,CA,2085,6485
118693,Menlo College,Atherton,CA,854,891
118718,,,,8069,17345
118772,,,,3610,11949
118888,,,,664,688
118912,MiraCosta College,Oceanside,CA,8958,18109
118930,,,,3901,11404
118958,,,,71,122
118976,,,,11360,23515
118994,,,,329,597
119058,,,,551,576
119067,,,,4130,11065
119137,Moorpark College,Moorpark,CA,9167,21725
119164,Mt San Antonio College,Walnut,CA,20625,39962
119173,Mount Saint Mary's University,Los Angeles,CA,2536,2797
119216,,,,11397,24340
119270,,,,781,1211
119331,Napa Valley College,Napa,CA,2490,6279
119553,,,,1661,2050
119605,National University,San Diego,CA,17754,32813
119678,,,,5070,4186
119775,Newschool of Architecture and Design,San Diego,CA,267,331
119951,,,,338,344
120069,,,,327,538
120078,,,,832,1036
120087,,,,234,431
120166,,,,368,545
120184,,,,170,319
120254,Occidental College,Los Angeles,CA,1949,1968
120290,,,,5359,15225
120342,Orange Coast College,Costa Mesa,CA,10868,22707
120403,Otis College of Art and Design,Los Angeles,CA,1276,1342
120421,,,,4125,11453
120537,Hope International University,Fullerton,CA,1069,1174
120661,,,,865,752
120698,,,,1021,1274
120768,,,,836,1517
120795,,,,59,153
120838,,,,38,71
120865,Pacific Union College,Angwin,CA,756,1281
120883,University of the Pacific,Stockton,CA,7952,7407
120953,,,,1737,5790
120971,,,,11553,27097
121044,Pasadena City College,Pasadena,CA,17854,35539
121150,Pepperdine University,Malibu,CA,10617,11790
121257,Pitzer College,Claremont,CA,1214,1236
121309,Point Loma Nazarene University,San Diego,CA,4096,5331
121345,Pomona College,Claremont,CA,1829,1763
121363,,,,2858,7010
121433,,,,107,138
121619,Santa Ana College,Santa Ana,CA,11668,42829
121628,,,,158,182
121637,,,,83,195
121691,University of Redlands,Redlands,CA,3112,3643
121707,College of the Redwoods,Eureka,CA,2561,6103
121859,,,,251,428
121868,,,,220,347
121886,Rio Hondo College,Whittier,CA,9479,27997
121901,Riverside City College,Riverside,CA,12744,29605
122117,,,,137,135
122180,Sacramento City College,Sacramento,CA,12203,30100
122205,Saddleback College,Mission Viejo,CA,12058,31341
122296,,,,2496,2418
122339,San Diego City College,San Diego,CA,6079,21460
122375,San Diego Mesa College,San Diego,CA,10406,30204
122384,San Diego Miramar College,San Diego,CA,6158,22905
122409,San Diego State University,San Diego,CA,36995,42660
122436,University of San Diego,San Diego,CA,8809,10282
122506,,,,401,417
122597,San Francisco State University,San Francisco,CA,20901,27106
122612,University of San Francisco,San Francisco,CA,9000,10564
122649,,,,131,156
122658,San Joaquin Delta College,Stockton,CA,15982,26520
122685,,,,2619,3787
122694,,,,1050,1250
122728,William Jessup University,Rocklin,CA,1419,2109
122746,,,,4467,13710
122755,San Jose State University,San Jose,CA,29854,40205
122791,College of San Mateo,San Mateo,CA,5000,14972
122889,Santa Barbara City College,Santa Barbara,CA,8841,18903
122931,Santa Clara University,Santa Clara,CA,8500,10129
122977,Santa Monica College,Santa Monica,CA,16635,33626
123013,Santa Rosa Junior College,Santa Rosa,CA,9646,24209
123095,,,,584,1257
123165,Scripps College,Claremont,CA,1174,1112
123217,College of the Sequoias,Visalia,CA,8820,17735
123280,,,,14,28
123299,Shasta College,Redding,CA,5051,12499
123341,Sierra College,Rocklin,CA,11354,25455
123350,,,,167,339
123448,,,,386,544
123457,Simpson University,Redding,CA,836,1210
123484,College of the Siskiyous,Weed,CA,1004,2811
123493,,,,79,142
123509,,,,5057,17069
123527,,,,8335,19506
123554,Saint Mary's College of California,Moraga,CA,3090,3108
123563,Solano Community College,Fairfield,CA,5629,12782
123572,Sonoma State University,Rohnert Park,CA,5542,6695
123633,,,,285,303
123642,South Coast College,Orange,CA,305,348
123651,Vanguard University of Southern California,Costa Mesa,CA,2007,2545
123679,,,,844,673
123800,Southwestern College,Chula Vista,CA,12951,26295
123916,,,,57,84
123943,,,,734,696
123952,,,,623,611
123961,University of Southern California,Los Angeles,CA,41439,51953
123970,,,,950,1017
124113,,,,1635,8130
124283,,,,105,239
124292,Thomas Aquinas College,Santa Paula,CA,647,541
124487,,,,57,158
124681,,,,1454,1818
124706,,,,1007,959
124937,,,,641,512
125028,Ventura College,Ventura,CA,7028,18107
125037,,,,319,334
125082,,,,84,159
125091,,,,10644,20895
125170,,,,3248,11265
125231,,,,37343,72855
125310,,,,42,77
125462,Coalinga College,Coalinga,CA,1752,5263
125471,West Los Angeles College,Culver City,CA,4951,19187
125499,,,,4543,11247
125532,,,,2395,3699
125718,,,,113,109
125727,Westmont College,Santa Barbara,CA,1353,1393
125763,Whittier College,Whittier,CA,780,899
125897,Woodbury University,Burbank,CA,871,958
126012,,,,592,597
126049,,,,180,267
126076,,,,204,204
126119,,,,3361,8679
126182,Adams State University,Alamosa,CO,2806,3852
126207,Aims Community College,Greeley,CO,4069,10056
126289,Arapahoe Community College,Littleton,CO,7106,18447
126359,Bel-Rea Institute of Animal Technology,Denver,CO,190,208
126562,University of Colorado Denver/Anschutz Medical Campus,Denver,CO,17596,29066
126580,University of Colorado Colorado Springs,Colorado Springs,CO,9480,14704
126605,Spartan College of Aeronautics and Technology,Broomfield,CO,526,555
126614,University of Colorado Boulder,Boulder,CO,37248,46985
126669,Colorado Christian University,Lakewood,CO,7480,17187
126678,Colorado College,Colorado Springs,CO,2270,2393
126687,,,,739,744
126711,Colorado Mountain College,Glenwood Springs,CO,3193,7821
126748,Colorado Northwestern Community College,Rangely,CO,720,1672
126775,Colorado School of Mines,Golden,CO,7130,8103
126784,,,,141,144
126818,Colorado State University-Fort Collins,Fort Collins,CO,28744,37218
126827,Colorado Technical University-Colorado Springs,Colorado Springs,CO,33375,52757
126863,Community College of Aurora,Aurora,CO,4288,11910
126915,,,,300,333
126942,Community College of Denver,Denver,CO,4523,11317
126951,,,,1319,1851
126979,,,,489,1067
127060,University of Denver,Denver,CO,11545,16004
127158,,,,4740,6785
127185,Fort Lewis College,Durango,CO,2938,3783
127200,Front Range Community College,Westminster,CO,11333,31536
127273,,,,95,203
127316,,,,294,428
127389,Lamar Community College,Lamar,CO,540,848
127556,Colorado Mesa University,Grand Junction,CO,7586,10157
127565,Metropolitan State University of Denver,Denver,CO,13152,21767
127617,Morgan Community College,Fort  Morgan,CO,819,1934
127653,Naropa University,Boulder,CO,937,1237
127714,,,,145,884
127732,Northeastern Junior College,Sterling,CO,937,1931
127741,University of Northern Colorado,Greeley,CO,7208,10404
127778,Otero College,La Junta,CO,687,1228
127820,Pikes Peak State College,Colorado Springs,CO,8224,16177
127884,Pueblo Community College,Pueblo,CO,3388,9185
127909,Red Rocks Community College,Lakewood,CO,4717,12139
127918,Regis University,Denver,CO,4005,5677
127945,Rocky Mountain College of Art and Design,Lakewood,CO,1854,2955
127954,,,,28,36
128106,Colorado State University Pueblo,Pueblo,CO,5741,11999
128151,,,,914,1090
128179,,,,971,1246
128188,,,,1289,1818
128258,Trinidad State College,Trinidad,CO,1094,2381
128328,,,,4648,5117
128337,,,,127,174
128391,Western Colorado University,Gunnison,CO,2427,5959
128498,Albertus Magnus College,New Haven,CT,1132,1545
128586,,,,66,66
128744,University of Bridgeport,Bridgeport,CT,3623,5603
128771,Central Connecticut State University,New Britain,CT,8053,11379
128780,Charter Oak State College,New Britain,CT,1175,2540
128896,,,,238,390
128902,Connecticut College,New London,CT,2191,2044
129002,Porter & Chester Institute of Hamden,Hamden,CT,436,439
129020,University of Connecticut,Storrs,CT,29115,47445
129154,Goodwin University,East Hartford,CT,2055,4937
129181,,,,1147,1562
129215,Eastern Connecticut State University,Willimantic,CT,3499,4361
129242,Fairfield University,Fairfield,CT,6339,6991
129349,,,,143,327
129367,Connecticut State Community College,New Britain,CT,22459,51345
129482,,,,407,628
129491,,,,70,123
129525,University of Hartford,West Hartford,CT,5877,6922
129534,,,,510,995
129774,Mitchell College,New London,CT,426,560
129923,,,,971,1339
129932,,,,912,1695
129941,University of New Haven,West Haven,CT,8475,11686
130174,Porter & Chester Institute,Bridgeport,CT,1469,1847
130183,Post University,Waterbury,CT,15778,33703
130226,Quinnipiac University,Hamden,CT,9543,10144
130253,Sacred Heart University,Fairfield,CT,11147,12695
130314,University of Saint Joseph,West Hartford,CT,1739,2249
130493,Southern Connecticut State University,New Haven,CT,7512,10686
130590,Trinity College,Hartford,CT,2239,2341
130624,,,,1081,1081
130697,Wesleyan University,Middletown,CT,3704,4158
130776,Western Connecticut State University,Danbury,CT,3621,4819
130794,Yale University,New Haven,CT,17677,16784
130837,,,,34,44
130873,,,,524,621
130907,Delaware Technical Community College-Terry,Dover,DE,7855,16499
130934,Delaware State University,Dover,DE,5351,6512
130943,University of Delaware,Newark,DE,24028,26917
130989,Goldey-Beacom College,Wilmington,DE,964,1311
131061,,,,167,286
131113,Wilmington University,New Castle,DE,10690,19559
131159,American University,Washington,DC,12232,15188
131283,The Catholic University of America,Washington,DC,4614,5618
131399,University of the District of Columbia,Washington,DC,3077,5134
131405,,,,74,86
131450,Gallaudet University,Washington,DC,1296,1510
131469,George Washington University,Washington,DC,22691,28729
131496,Georgetown University,Washington,DC,17601,22644
131520,Howard University,Washington,DC,13330,14631
131803,Strayer University-District of Columbia,Washington,DC,253,492
131830,,,,25,31
131876,Trinity Washington University,Washington,DC,1410,2157
131973,,,,498,537
132374,,,,1436,4689
132408,Baptist University of Florida,Graceville,FL,245,579
132471,Barry University,Miami,FL,5601,7994
132602,Bethune-Cookman University,Daytona Beach,FL,2522,2752
132657,Lynn University,Boca Raton,FL,3729,4157
132675,,,,69,161
132693,Eastern Florida State College,Melbourne,FL,9701,18137
132709,Broward College,Fort Lauderdale,FL,22376,45660
132842,Albizu University-Miami,Miami,FL,884,1125
132851,College of Central Florida,Ocala,FL,4412,8099
132903,University of Central Florida,Orlando,FL,60631,80755
132976,,,,425,560
133021,,,,1349,2494
133155,,,,623,1040
133386,Daytona State College,Daytona Beach,FL,9389,17561
133465,South University-West Palm Beach,Royal Palm Beach,FL,642,808
133492,Eckerd College,Saint Petersburg,FL,2137,2004
133508,Florida SouthWestern State College,Fort Myers,FL,9878,18803
133526,,,,1000,1319
133553,Embry-Riddle Aeronautical University-Daytona Beach,Daytona Beach,FL,8562,11912
133650,Florida Agricultural and Mechanical University,Tallahassee,FL,9008,10418
133669,Florida Atlantic University,Boca Raton,FL,27707,37809
133702,Florida State College at Jacksonville,Jacksonville,FL,14721,32056
133711,Flagler College,Saint Augustine,FL,2508,2576
133809,Florida College,Temple Terrace,FL,605,698
133845,,,,594,747
133854,,,,312,484
133863,,,,463,534
133872,AdventHealth University,Orlando,FL,1707,2461
133881,Florida Institute of Technology,Melbourne,FL,6459,10576
133951,Florida International University,Miami,FL,47353,67081
133960,The College of the Florida Keys,Key West,FL,861,1601
133979,Florida Memorial University,Miami Gardens,FL,1294,1615
134024,,,,65,144
134079,Florida Southern College,Lakeland,FL,3148,3478
134097,Florida State University,Tallahassee,FL,41957,46338
134130,University of Florida,Gainesville,FL,51593,61936
134228,,,,33,41
134237,Full Sail University,Winter Park,FL,36378,37132
134291,,,,483,884
134307,,,,636,1416
134343,Gulf Coast State College,Panama City,FL,3303,6524
134495,Hillsborough Community College,Tampa,FL,19452,39762
134510,,,,133,218
134529,,,,283,521
134574,,,,122,219
134608,Indian River State College,Fort Pierce,FL,10569,20536
134714,,,,203,294
134945,Jacksonville University,Jacksonville,FL,4625,6521
135081,Keiser University-Ft Lauderdale,Fort Lauderdale,FL,30682,34299
135142,,,,153,411
135160,Florida Gateway College,Lake City,FL,2039,4021
135179,,,,773,1263
135188,Lake-Sumter State College,Leesburg,FL,3433,6557
135267,,,,525,1197
135276,,,,990,1824
135294,,,,387,934
135337,,,,88,125
135364,,,,273,791
135391,State College of Florida-Manatee-Sarasota,Bradenton,FL,6154,11408
135407,,,,1091,1704
135522,,,,466,711
135559,,,,66,190
135647,,,,498,1566
135717,Miami Dade College,Miami,FL,42920,84258
135726,University of Miami,Coral Gables,FL,19395,22399
135735,,,,944,3048
136109,,,,124,172
136145,,,,866,1820
136172,University of North Florida,Jacksonville,FL,15068,19675
136215,Nova Southeastern University,Fort Lauderdale,FL,19894,23575
136233,Northwest Florida State College,Niceville,FL,3857,7160
136303,,,,520,1241
136330,Palm Beach Atlantic University,West Palm Beach,FL,3239,4566
136358,Palm Beach State College,Lake Worth,FL,16731,34920
136400,Pasco-Hernando State College,New Port Richey,FL,6470,12450
136473,Pensacola State College,Pensacola,FL,6016,11678
136491,,,,781,1967
136516,Polk State College,Winter Haven,FL,6896,13744
136659,,,,223,489
136701,,,,131,149
136765,,,,494,761
136774,Ringling College of Art and Design,Sarasota,FL,1609,1742
136826,,,,593,1314
136950,Rollins College,Winter Park,FL,3276,3197
137023,,,,513,773
137032,Saint Leo University,Saint Leo,FL,6982,13292
137078,St Petersburg College,St. Petersburg,FL,15299,31520
137087,,,,863,2090
137096,Santa Fe College,Gainesville,FL,9620,17432
137120,,,,861,2006
137209,Seminole State College of Florida,Sanford,FL,10115,20331
137245,,,,1342,2537
137272,,,,57,70
137281,Saint Johns River State College,Palatka,FL,4336,9240
137315,South Florida State College,Avon Park,FL,2111,4064
137351,University of South Florida,Tampa,FL,44095,56611
137476,St. Thomas University,Miami Gardens,FL,4789,7923
137546,Stetson University,DeLand,FL,3818,3979
137564,Southeastern University,Lakeland,FL,6739,12858
137591,,,,233,533
137713,,,,241,470
137759,Tallahassee State College,Tallahassee,FL,9635,16499
137777,,,,30,30
137847,The University of Tampa,Tampa,FL,11117,12051
137856,,,,195,284
137865,,,,389,609
137953,Trinity Baptist College,Jacksonville,FL,357,486
137962,Trinity College of Florida,Trinity,FL,175,244
138187,Valencia College,Orlando,FL,33678,63109
138275,Warner University,Lake Wales,FL,761,1014
138284,,,,263,541
138293,Webber International University,Babson Park,FL,838,1007
138309,Rasmussen University-Florida,Ocala,FL,4237,6892
138354,University of West Florida,Pensacola,FL,11461,18411
138372,,,,428,1519
138479,,,,844,1436
138488,,,,555,2883
138497,,,,409,567
138558,Abraham Baldwin Agricultural College,Tifton,GA,2994,4371
138600,Agnes Scott College,Decatur,GA,1143,1187
138655,Interactive College of Technology-Chamblee,Chamblee,GA,772,772
138664,Interactive College of Technology-Morrow,Morrow,GA,158,158
138682,Albany Technical College,Albany,GA,2072,4057
138716,Albany State University,Albany,GA,5809,7806
138761,Andrew College,Cuthbert,GA,272,366
138822,,,,522,887
138840,Atlanta Technical College,Atlanta,GA,2742,5601
138868,Point University,West Point,GA,2492,3585
138901,Atlanta Metropolitan State College,Atlanta,GA,1224,2622
138929,,,,315,352
138947,Clark Atlanta University,Atlanta,GA,3885,4394
138956,Augusta Technical College,Augusta,GA,2961,6115
139144,Berry College,Mount Berry,GA,2327,2464
139153,,,,256,468
139199,Brenau University,Gainesville,GA,2364,3055
139205,Brewton-Parker College,Mount Vernon,GA,806,1370
139250,College of Coastal Georgia,Brunswick,GA,2470,4001
139278,West Georgia Technical College,Waco,GA,4185,9451
139311,Clayton  State University,Morrow,GA,4520,7195
139348,,,,167,185
139357,Columbus Technical College,Columbus,GA,2125,4665
139366,Columbus State University,Columbus,GA,6219,9160
139384,Georgia Northwestern Technical College,Rome,GA,4164,9015
139393,Covenant College,Lookout Mountain,GA,894,1006
139463,Dalton State College,Dalton,GA,3818,5707
139506,,,,82,71
139579,South University-Savannah,Savannah,GA,1072,1197
139621,East Georgia State College,Swainsboro,GA,1225,2176
139630,Emmanuel University,Franklin Springs,GA,790,1019
139658,Emory University,Atlanta,GA,16189,16189
139700,Georgia Highlands College,Rome,GA,3481,6460
139719,Fort Valley State University,Fort Valley,GA,2582,3016
139746,,,,70,71
139755,Georgia Institute of Technology-Main Campus,Atlanta,GA,39092,57952
139764,Georgia Southwestern State University,Americus,GA,2825,4265
139861,Georgia College & State University,Milledgeville,GA,6656,7785
139931,Georgia Southern University,Statesboro,GA,23759,30421
139940,Georgia State University,Atlanta,GA,33035,40847
139959,University of Georgia,Athens,GA,43488,45913
139968,Gordon State College,Barnesville,GA,2397,3714
139986,Southern Crescent Technical College,Griffin,GA,3897,8719
139995,Gupton Jones College of Funeral Service,Decatur,GA,939,1045
140003,Gwinnett College-Lilburn,Lilburn,GA,162,288
140012,Gwinnett Technical College,Lawrenceville,GA,5895,13422
140146,,,,15,69
140234,LaGrange College,Lagrange,GA,653,792
140243,,,,3574,8321
140252,Life University,Marietta,GA,2846,3161
140331,,,,6288,13871
140340,Herzing University-Atlanta,Atlanta,GA,614,962
140447,Mercer University,Macon,GA,8611,10123
140553,Morehouse College,Atlanta,GA,2782,2934
140562,,,,984,1059
140571,,,,333,452
140678,North Georgia Technical College,Clarkesville,GA,1754,3638
140696,Oglethorpe University,Atlanta,GA,1738,2688
140720,,,,297,379
140818,Piedmont University,Demorest,GA,1686,2266
140827,,,,77,104
140872,Reinhardt University,Waleska,GA,1120,1292
140942,Savannah Technical College,Savannah,GA,2671,5602
140951,Savannah College of Art and Design,Savannah,GA,17306,19508
140960,Savannah State University,Savannah,GA,2791,3488
140988,Shorter University,Rome,GA,1295,1723
141006,,,,1340,2679
141060,Spelman College,Atlanta,GA,2956,4039
141167,Thomas University,Thomasville,GA,635,1844
141185,Toccoa Falls College,Toccoa Falls,GA,1581,3345
141237,Truett McConnell University,Cleveland,GA,1542,3093
141255,,,,2788,6616
141264,Valdosta State University,Valdosta,GA,8741,12343
141325,Wesleyan College,Macon,GA,554,1099
141334,University of West Georgia,Carrollton,GA,10493,15862
141361,Young Harris College,Young Harris,GA,1024,1706
141486,Chaminade University of Honolulu,Honolulu,HI,2165,3167
141565,University of Hawaii at Hilo,Hilo,HI,2393,3294
141574,University of Hawaii at Manoa,Honolulu,HI,16834,21939
141608,,,,119,119
141644,Hawaii Pacific University,Honolulu,HI,3788,6411
141680,Honolulu Community College,Honolulu,HI,1635,4648
141796,Kapiolani Community College,Honolulu,HI,3091,9140
141802,Kauai Community College,Lihue,HI,562,1732
141811,Leeward Community College,Pearl City,HI,3142,9734
141839,University of Hawaii Maui College,Kahului,HI,1228,3716
141981,University of Hawaii-West Oahu,Kapolei,HI,1978,3807
141990,Windward Community College,Kaneohe,HI,1168,4336
142054,,,,509,740
142090,,,,80,111
142115,Boise State University,Boise,ID,18984,33009
142179,College of Eastern Idaho,Idaho Falls,ID,1376,3763
142276,Idaho State University,Pocatello,ID,9564,15249
142285,University of Idaho,Moscow,ID,9738,14290
142294,The College of Idaho,Caldwell,ID,1090,1116
142328,Lewis-Clark State College,Lewiston,ID,2407,4588
142407,,,,104,135
142443,North Idaho College,Coeur d'Alene,ID,2386,5054
142461,Northwest Nazarene University,Nampa,ID,2897,10237
142489,,,,85,112
142522,Brigham Young University-Idaho,Rexburg,ID,43686,58556
142559,College of Southern Idaho,Twin Falls,ID,4984,16205
142832,,,,1186,1883
142957,,,,8,18
143048,School of the Art Institute of Chicago,Chicago,IL,3257,3597
143084,Augustana College,Rock Island,IL,2563,2556
143118,Aurora University,Aurora,IL,6076,7071
143215,Southwestern Illinois College,Belleville,IL,5923,15081
143233,,,,56,98
143279,Black Hawk College,Moline,IL,2662,6072
143288,Blackburn College,Carlinville,IL,442,513
143297,,,,172,230
143358,Bradley University,Peoria,IL,4765,5603
143376,,,,189,283
143464,,,,77,120
143473,,,,44,50
143491,,,,65,94
143552,,,,33,50
143613,Carl Sandburg College,Galesburg,IL,1125,2308
143659,,,,121,231
143853,,,,2905,2905
143978,,,,1086,1314
144005,Chicago State University,Chicago,IL,1900,2854
144014,,,,125,303
144050,University of Chicago,Chicago,IL,17670,21145
144157,City Colleges of Chicago-Kennedy-King College,Chicago,IL,1935,4487
144166,City Colleges of Chicago-Malcolm X College,Chicago,IL,5370,12016
144175,City Colleges of Chicago-Olive-Harvey College,Chicago,IL,1924,4587
144184,City Colleges of Chicago-Harry S Truman College,Chicago,IL,4832,10719
144193,City Colleges of Chicago-Richard J Daley College,Chicago,IL,4691,9786
144209,City Colleges of Chicago-Harold Washington College,Chicago,IL,3651,8446
144218,City Colleges of Chicago-Wilbur Wright College,Chicago,IL,5356,12002
144281,Columbia College Chicago,Chicago,IL,6032,6888
144351,Concordia University-Chicago,River Forest,IL,3886,6786
144564,Danville Area Community College,Danville,IL,1424,3274
144573,,,,219,308
144740,DePaul University,Chicago,IL,19740,24433
144795,,,,709,718
144865,College of DuPage,Glen Ellyn,IL,15008,41539
144883,East-West University,Chicago,IL,463,631
144892,Eastern Illinois University,Charleston,IL,6253,10734
144944,Elgin Community College,Elgin,IL,6500,15160
144962,Elmhurst University,Elmhurst,IL,3565,4430
144971,Eureka College,Eureka,IL,499,558
145099,,,,304,431
145239,Fox College,Tinley Park,IL,388,388
145275,,,,227,346
145309,,,,47,56
145336,Governors State University,University Park,IL,3353,5270
145354,,,,21,40
145372,Greenville University,Greenville,IL,1018,1338
145406,,,,465,891
145424,,,,46,84
145433,,,,124,189
145497,Hebrew Theological College,Skokie,IL,120,228
145521,Highland Community College,Freeport,IL,1087,3031
145558,,,,2388,2200
145600,University of Illinois Chicago,Chicago,IL,33375,36493
145619,Benedictine University,Lisle,IL,2905,3968
145628,,,,536,536
145637,University of Illinois Urbana-Champaign,Champaign,IL,59472,62797
145646,Illinois Wesleyan University,Bloomington,IL,1573,1621
145682,Illinois Central College,East Peoria,IL,4446,10579
145691,Illinois College,Jacksonville,IL,978,1065
145707,Illinois Eastern Community Colleges,Olney,IL,2895,16029
145725,Illinois Institute of Technology,Chicago,IL,7653,10555
145813,Illinois State University,Normal,IL,19297,22892
145831,Illinois Valley Community College,Oglesby,IL,1675,4031
145886,,,,64,123
146205,,,,2174,5300
146278,John Wood Community College,Quincy,IL,1217,2629
146296,Joliet Junior College,Joliet,IL,8182,20583
146339,Judson University,Elgin,IL,1101,1231
146348,Kankakee Community College,Kankakee,IL,1723,3940
146366,Kaskaskia College,Centralia,IL,2442,5741
146418,Kishwaukee College,Malta,IL,1772,3872
146427,Knox College,Galesburg,IL,974,1034
146454,,,,67,80
146472,College of Lake County,Grayslake,IL,8686,22299
146481,Lake Forest College,Lake Forest,IL,1943,1984
146490,,,,123,324
146506,Lake Land College,Mattoon,IL,3782,8745
146533,,,,64,95
146603,Lewis and Clark Community College,Godfrey,IL,2506,5689
146612,Lewis University,Romeoville,IL,5771,8396
146685,Lincoln Land Community College,Springfield,IL,3845,9697
146700,,,,1589,2134
146719,Loyola University Chicago,Chicago,IL,15966,19223
146728,,,,56,143
146755,,,,99,154
146807,,,,50,68
146816,Generations College,Chicago,IL,365,586
146977,,,,72,142
147004,McHenry County College,Crystal Lake,IL,4956,13303
147013,McKendree University,Lebanon,IL,1864,2510
147031,,,,49,79
147129,Methodist College,Peoria,IL,388,556
147244,Millikin University,Decatur,IL,1700,1913
147341,Monmouth College,Monmouth,IL,742,758
147369,Moody Bible Institute,Chicago,IL,1783,2614
147378,Moraine Valley Community College,Palos Hills,IL,7206,17956
147396,Morrison Institute of Technology,Morrison,IL,59,60
147411,Morton College,Cicero,IL,2335,5879
147536,National Louis University,Chicago,IL,6814,12807
147590,,,,577,622
147642,,,,48,72
147660,North Central College,Naperville,IL,3059,3164
147679,North Park University,Chicago,IL,2351,3045
147697,,,,231,315
147703,Northern Illinois University,Dekalb,IL,13418,17359
147767,Northwestern University,Evanston,IL,22173,26847
147776,Northeastern Illinois University,Chicago,IL,3995,6962
147800,Oakton College,Des Plaines,IL,5770,17467
147819,,,,81,81
147828,Olivet Nazarene University,Bourbonnais,IL,3063,3728
147916,Parkland College,Champaign,IL,4014,9633
148007,Prairie State College,Chicago Heights,IL,2356,6382
148016,,,,333,379
148098,,,,49,73
148131,Quincy University,Quincy,IL,1156,1460
148256,Rend Lake College,Ina,IL,1461,3428
148292,Richland Community College,Decatur,IL,1338,3704
148380,Rock Valley College,Rockford,IL,4148,9280
148405,Rockford University,Rockford,IL,1147,1510
148487,Roosevelt University,Chicago,IL,3532,4724
148496,Dominican University,River Forest,IL,3158,4219
148511,,,,2808,3339
148575,,,,408,670
148584,University of St Francis,Joliet,IL,2434,5174
148593,,,,77,94
148627,Saint Xavier University,Chicago,IL,3213,3855
148654,University of Illinois Springfield,Springfield,IL,3792,5834
148672,Sauk Valley Community College,Dixon,IL,1088,2552
148821,,,,951,2798
148876,St. Augustine College,Chicago,IL,663,1041
148885,,,,102,234
148937,,,,879,3275
148982,,,,54,120
148991,,,,718,1699
149028,,,,195,303
149204,,,,79,84
149222,Southern Illinois University-Carbondale,Carbondale,IL,10097,12745
149231,Southern Illinois University Edwardsville,Edwardsville,IL,10464,14122
149310,,,,202,271
149329,,,,90,90
149365,,,,2170,7937
149505,Trinity Christian College,Palos Heights,IL,907,915
149514,Trinity International University-Illinois,Deerfield,IL,450,1186
149532,Triton College,River Grove,IL,5830,16508
149550,,,,210,245
149639,VanderCook College of Music,Chicago,IL,260,1015
149727,Waubonsee Community College,Sugar Grove,IL,5891,15414
149772,Western Illinois University,Macomb,IL,5988,8213
149781,Wheaton College,Wheaton,IL,2730,3254
149842,William Rainey Harper College,Palatine,IL,8693,22904
150066,Anderson University,Anderson,IN,1145,1564
150136,Ball State University,Muncie,IN,17922,23638
150145,Bethel University,Mishawaka,IN,1124,1392
150163,Butler University,Indianapolis,IN,6203,6465
150172,Calumet College of Saint Joseph,Whiting,IN,536,763
150215,,,,100,196
150251,,,,141,275
150288,,,,221,322
150303,,,,379,571
150400,DePauw University,Greencastle,IN,1827,1835
150428,,,,21,48
150455,Earlham College,Richmond,IN,700,820
150534,University of Evansville,Evansville,IN,2059,2495
150604,Franklin College,Franklin,IN,1019,1000
150668,Goshen College,Goshen,IN,725,862
150677,Grace College and Theological Seminary,Winona Lake,IN,2223,2449
150756,Hanover College,Hanover,IN,1217,1222
150765,,,,106,158
150774,Holy Cross College,Notre Dame,IN,555,621
150853,,,,216,295
150941,Huntington University,Huntington,IN,1261,1716
150987,Ivy Tech Community College,Indianapolis,IN,60462,178903
151102,Purdue University Fort Wayne,Fort Wayne,IN,5898,10011
151111,Indiana University-Indianapolis,Indianapolis,IN,24590,29063
151263,University of Indianapolis,Indianapolis,IN,4439,6136
151290,Indiana Institute of Technology,Fort Wayne,IN,2154,3457
151306,University of Southern Indiana,Evansville,IN,6794,11111
151324,Indiana State University,Terre Haute,IN,6838,9502
151333,Indiana University-Kokomo,Kokomo,IN,2775,5718
151342,Indiana University-South Bend,South Bend,IN,4281,8049
151351,Indiana University-Bloomington,Bloomington,IN,48858,62701
151360,Indiana University-Northwest,Gary,IN,2884,5733
151379,Indiana University-Southeast,New Albany,IN,3265,5933
151388,Indiana University-East,Richmond,IN,2519,5256
151467,International Business College-Indianapolis,Indianapolis,IN,226,250
151564,,,,44,57
151607,,,,108,148
151661,,,,1147,1752
151777,Manchester University,North Manchester,IN,1244,1252
151786,Marian University,Indianapolis,IN,4069,4696
151801,Indiana Wesleyan University-Marion,Marion,IN,2065,2289
151810,Martin University,Indianapolis,IN,178,298
151865,,,,80,165
151962,Mid-America College of Funeral Service,Jeffersonville,IN,472,472
152044,,,,49,110
152080,University of Notre Dame,Notre Dame,IN,13825,13675
152099,Oakland City University,Oakland City,IN,666,780
152150,,,,63,90
152275,,,,110,188
152309,,,,115,138
152318,Rose-Hulman Institute of Technology,Terre Haute,IN,2320,2358
152336,University of Saint Francis-Fort Wayne,Fort Wayne,IN,1657,2112
152381,Saint Mary-of-the-Woods College,Saint Mary of the Woods,IN,1027,1414
152390,Saint Mary's College,Notre Dame,IN,1601,1603
152451,,,,166,261
152497,Saint Elizabeth School of Nursing,Lafayette,IN,158,169
152530,Taylor University,Upland,IN,2213,2671
152567,Trine University,Angola,IN,3230,5034
152600,Valparaiso University,Valparaiso,IN,3075,3113
152628,,,,52,58
152637,Vincennes University,Vincennes,IN,8267,21226
152673,Wabash College,Crawfordsville,IN,843,852
152798,,,,555,615
152992,Briar Cliff University,Sioux City,IA,793,1125
153001,Buena Vista University,Storm Lake,IA,1805,2517
153074,,,,223,246
153083,,,,172,172
153108,Central College,Pella,IA,1062,1235
153126,Clarke University,Dubuque,IA,890,1076
153144,Coe College,Cedar Rapids,IA,1340,1326
153162,Cornell College,Mount Vernon,IA,1146,1142
153214,Des Moines Area Community College,Ankeny,IA,13658,35463
153241,,,,59,74
153250,Dordt University,Sioux Center,IA,1764,2084
153269,Drake University,Des Moines,IA,3964,4999
153278,University of Dubuque,Dubuque,IA,1532,2087
153296,Ellsworth Community College,Iowa Falls,IA,583,841
153302,Emmaus Bible College,Dubuque,IA,186,237
153311,Eastern Iowa Community College District,Davenport,IA,4258,11186
153320,Faith Baptist Bible College and Theological Seminary,Ankeny,IA,429,747
153366,Graceland University-Lamoni,Lamoni,IA,1100,1358
153375,Grand View University,Des Moines,IA,1698,2070
153384,Grinnell College,Grinnell,IA,1730,1798
153427,Orion Technical College,Davenport,IA,79,107
153445,Hawkeye Community College,Waterloo,IA,2928,6463
153463,,,,32,32
153472,Indian Hills Community College,Ottumwa,IA,2377,3942
153524,Iowa Central Community College,Fort Dodge,IA,3440,5737
153533,Iowa Lakes Community College,Estherville,IA,1379,2385
153542,,,,16,16
153597,,,,95,145
153603,Iowa State University,Ames,IA,28245,32133
153630,Iowa Western Community College,Council Bluffs,IA,4092,9015
153658,University of Iowa,Iowa City,IA,29057,32864
153737,Kirkwood Community College,Cedar Rapids,IA,7705,17079
153746,,,,51,69
153764,,,,139,187
153773,,,,95,95
153782,,,,23,32
153825,Loras College,Dubuque,IA,1129,1328
153834,Luther College,Decorah,IA,1466,1488
153861,Maharishi International University,Fairfield,IA,2422,3472
153922,Marshalltown Community College,Marshalltown,IA,1148,2208
153977,Mercy College of Health Sciences,Des Moines,IA,844,1280
154004,Morningside University,Sioux City,IA,1655,2664
154013,Mount Mercy University,Cedar Rapids,IA,1300,1665
154022,Ashford University,San Diego,CA,21704,46925
154059,North Iowa Area Community College,Mason City,IA,1686,3317
154095,University of Northern Iowa,Cedar Falls,IA,8183,10303
154101,Northwestern College,Orange City,IA,1549,2117
154110,Northeast Iowa Community College,Calmar,IA,2329,5571
154129,Northwest Iowa Community College,Sheldon,IA,1151,2655
154156,,,,1639,1667
154174,,,,2531,2563
154208,,,,159,249
154235,Saint Ambrose University,Davenport,IA,2467,2888
154262,St Luke's College,Sioux City,IA,172,228
154332,,,,147,214
154350,Simpson College,Indianola,IA,1215,1266
154378,Southeastern Community College,West Burlington,IA,1802,3880
154396,Southwestern Community College,Creston,IA,1061,2005
154448,,,,146,193
154457,,,,56,72
154466,,,,90,76
154493,Upper Iowa University,Fayette,IA,2364,5559
154518,Waldorf University,Forest City,IA,2047,3742
154527,Wartburg College,Waverly,IA,1484,1506
154536,,,,182,176
154545,,,,58,129
154572,Western Iowa Tech Community College,Sioux City,IA,3093,7071
154590,William Penn University,Oskaloosa,IA,1461,1677
154642,Allen County Community College,Iola,KS,1041,2707
154688,Baker University,Baldwin City,KS,1476,2650
154697,Barton County Community College,Great Bend,KS,3277,10942
154712,Benedictine College,Atchison,KS,2451,2899
154721,Bethany College,Lindsborg,KS,573,689
154749,Bethel College-North Newton,North Newton,KS,445,515
154800,Butler Community College,El Dorado,KS,4297,9198
154855,Central Christian College of Kansas,McPherson,KS,383,581
154907,Cloud County Community College,Concordia,KS,1008,2370
154925,Coffeyville Community College,Coffeyville,KS,1072,1784
154934,Colby Community College,Colby,KS,1010,2218
154952,Cowley County Community College,Arkansas City,KS,1786,3350
154998,Dodge City Community College,Dodge City,KS,1237,2295
155007,Donnelly College,Kansas City,KS,276,520
155025,Emporia State University,Emporia,KS,3975,5886
155052,Flint Hills Technical College,Emporia,KS,662,2812
155061,Fort Hays State University,Hays,KS,9077,16922
155070,Barclay College,Haviland,KS,153,233
155089,Friends University,Wichita,KS,1697,3604
155098,Fort Scott Community College,Fort Scott,KS,997,1946
155104,Garden City Community College,Garden City,KS,1462,2591
155140,,,,876,1077
155159,,,,86,130
155177,Hesston College,Hesston,KS,290,331
155186,Highland Community College,Highland,KS,1463,3597
155195,Hutchinson Community College,Hutchinson,KS,3225,7544
155201,Independence Community College,Independence,KS,623,1100
155210,Johnson County Community College,Overland Park,KS,9799,25217
155283,,,,1013,952
155292,Kansas City Kansas Community College,Kansas City,KS,2985,6621
155308,,,,160,205
155317,University of Kansas,Lawrence,KS,25178,30885
155335,Newman University,Wichita,KS,1834,4012
155353,,,,136,146
155399,Kansas State University,Manhattan,KS,17184,22106
155414,Kansas Wesleyan University,Salina,KS,916,1061
155423,Washburn Institute of Technology,Topeka,KS,1048,1639
155450,Labette Community College,Parsons,KS,870,1934
155487,Manhattan Area Technical College,Manhattan,KS,486,1234
155496,Manhattan Christian College,Manhattan,KS,139,154
155511,McPherson College,McPherson,KS,773,829
155520,MidAmerica Nazarene University,Olathe,KS,1364,1788
155566,Neosho County Community College,Chanute,KS,1076,2307
155593,Fort Hays Tech North Central,Beloit,KS,616,1305
155618,,,,583,781
155627,Ottawa University-Ottawa,Ottawa,KS,952,1115
155636,,,,361,612
155681,Pittsburg State University,Pittsburg,KS,5150,6816
155715,Pratt Community College,Pratt,KS,955,1947
155812,University of Saint Mary,Leavenworth,KS,1332,1697
155830,Salina Area Technical College,Salina,KS,609,1515
155858,Seward County Community College,Liberal,KS,1181,2414
155900,Southwestern College,Winfield,KS,942,1580
155937,Sterling College,Sterling,KS,568,808
155973,Tabor College,Hillsboro,KS,673,812
156082,Washburn University,Topeka,KS,4638,6517
156107,Wichita State University-Campus of Applied Sciences and Technology,Wichita,KS,3615,8867
156125,Wichita State University,Wichita,KS,11845,19283
156134,,,,1718,1718
156189,Alice Lloyd College,Pippa Passes,KY,534,583
156213,Asbury University,Wilmore,KY,1544,2176
156222,,,,1041,1971
156231,Ashland Community and Technical College,Ashland,KY,1633,3573
156286,Bellarmine University,Louisville,KY,3028,3381
156295,Berea College,Berea,KY,1464,1505
156310,,,,301,447
156338,Southcentral Kentucky Community and Technical College,Bowling Green,KY,2917,6922
156356,Brescia University,Owensboro,KY,618,779
156365,Campbellsville University,Campbellsville,KY,9644,15615
156392,Bluegrass Community and Technical College,Lexington,KY,7216,16711
156408,Centre College,Danville,KY,1290,1375
156417,,,,115,209
156426,,,,214,270
156471,,,,5160,7056
156541,University of the Cumberlands,Williamsburg,KY,17596,26738
156620,Eastern Kentucky University,Richmond,KY,12440,17607
156648,Elizabethtown Community and Technical College,Elizabethtown,KY,3709,8889
156727,,,,1920,3483
156745,Georgetown College,Georgetown,KY,1333,1578
156754,,,,46,64
156790,Hazard Community and Technical College,Hazard,KY,1554,4166
156842,,,,266,350
156851,Henderson Community College,Henderson,KY,769,1949
156860,Hopkinsville Community College,Hopkinsville,KY,1210,2932
156921,Jefferson Community and Technical College,Louisville,KY,6220,17699
156967,,,,172,263
157021,American National University-Pikeville,Pikeville,KY,164,411
157030,,,,59,104
157058,Kentucky State University,Frankfort,KY,1477,2115
157076,Kentucky Wesleyan College,Owensboro,KY,739,928
157085,University of Kentucky,Lexington,KY,29986,35216
157100,Kentucky Christian University,Grayson,KY,443,592
157207,,,,36,109
157216,Lindsey Wilson College,Columbia,KY,3959,5191
157289,University of Louisville,Louisville,KY,18323,26325
157298,,,,76,96
157304,Madisonville Community College,Madisonville,KY,1719,5463
157331,Maysville Community and Technical College,Maysville,KY,2192,5208
157377,Midway University,Midway,KY,1440,2243
157386,Morehead State University,Morehead,KY,5614,9558
157401,Murray State University,Murray,KY,7676,11887
157438,Gateway Community and Technical College,Florence,KY,2720,6320
157447,Northern Kentucky University,Highland Heights,KY,11914,18500
157483,West Kentucky Community and Technical College,Paducah,KY,2476,6593
157535,University of Pikeville,Pikeville,KY,2305,2961
157553,Big Sandy Community and Technical College,Prestonsburg,KY,1539,3365
157614,,,,92,145
157650,,,,200,284
157669,,,,117,192
157678,,,,172,206
157711,Somerset Community College,Somerset,KY,3430,7478
157739,Southeast Kentucky Community & Technical College,Cumberland,KY,1846,4130
157748,,,,2835,5633
157757,Spalding University,Louisville,KY,1399,1926
157793,Sullivan University,Louisville,KY,1736,3982
157809,Thomas More University,Crestview Hills,KY,1488,2363
157818,Transylvania University,Lexington,KY,975,1029
157863,Union Commonwealth University,Barbourville,KY,1085,1394
157951,Western Kentucky University,Bowling Green,KY,13907,19978
158088,Central Louisiana Technical Community College,Alexandria,LA,946,1562
158246,,,,241,311
158325,,,,144,199
158431,Bossier Parish Community College,Bossier City,LA,3998,8595
158477,Centenary College of Louisiana,Shreveport,LA,654,690
158538,,,,48,76
158617,,,,832,843
158662,Delgado Community College,New Orleans,LA,7883,18084
158778,,,,98,117
158787,,,,83,105
158802,Dillard University,New Orleans,LA,1154,1202
158884,Nunez Community College,Chalmette,LA,1684,3905
159009,Grambling State University,Grambling,LA,4641,5833
159027,,,,151,181
159197,ITI Technical College,Baton Rouge,LA,533,798
159328,,,,106,147
159373,,,,3007,3043
159382,Louisiana State University-Alexandria,Alexandria,LA,4408,6878
159391,Louisiana State University and Agricultural & Mechanical College,Baton Rouge,LA,36102,44241
159407,Louisiana State University-Eunice,Eunice,LA,2257,4682
159416,Louisiana State University-Shreveport,Shreveport,LA,6432,14871
159513,,,,233,292
159522,,,,170,235
159531,,,,36,43
159568,Louisiana Christian University,Pineville,LA,904,1095
159601,,,,43,46
159647,Louisiana Tech University,Ruston,LA,8602,12948
159656,Loyola University New Orleans,New Orleans,LA,4159,4875
159717,McNeese State University,Lake Charles,LA,5263,6776
159939,University of New Orleans,New Orleans,LA,5133,8114
159948,,,,1401,3053
159966,Nicholls State University,Thibodaux,LA,5322,7065
159993,University of Louisiana at Monroe,Monroe,LA,6657,9594
160010,,,,769,1440
160038,Northwestern State University of Louisiana,Natchitoches,LA,6673,10544
160065,University of Holy Cross,New Orleans,LA,647,1592
160074,Franciscan Missionaries of Our Lady University,Baton Rouge,LA,1063,1411
160126,,,,56,67
160199,,,,55,55
160320,,,,2891,4004
160409,,,,94,103
160472,,,,176,317
160481,Fletcher Technical Community College,Schriever,LA,1626,3389
160524,Remington College-Lafayette Campus,Lafayette,LA,380,421
160579,,,,2430,4500
160597,,,,53,112
160612,Southeastern Louisiana University,Hammond,LA,10728,17041
160621,Southern University and A & M College,Baton Rouge,LA,6623,8321
160630,Southern University at New Orleans,New Orleans,LA,1535,2810
160649,Southern University at Shreveport,Shreveport,LA,1993,4114
160658,University of Louisiana at Lafayette,Lafayette,LA,13063,16810
160667,Northshore Technical Community College,Lacombe,LA,2428,6723
160755,Tulane University of Louisiana,New Orleans,LA,13276,15026
160904,Xavier University of Louisiana,New Orleans,LA,3562,3580
160959,College of the Atlantic,Bar Harbor,ME,338,386
160977,Bates College,Lewiston,ME,1753,1933
160995,,,,501,694
161004,Bowdoin College,Brunswick,ME,1813,2018
161022,Maine College of Health Professions,Lewiston,ME,207,310
161077,Central Maine Community College,Auburn,ME,2277,5095
161086,Colby College,Waterville,ME,2396,2472
161138,Eastern Maine Community College,Bangor,ME,1624,3721
161192,Kennebec Valley Community College,Fairfield,ME,1319,3258
161208,,,,34,43
161217,University of Maine at Augusta,Augusta,ME,2327,5761
161226,University of Maine at Farmington,Farmington,ME,1276,2480
161235,University of Maine at Fort Kent,Fort Kent,ME,664,1829
161253,University of Maine,Orono,ME,9333,13960
161299,Maine Maritime Academy,Castine,ME,1072,1044
161341,University of Maine at Presque Isle,Presque Isle,ME,1854,3617
161457,University of New England,Biddeford,ME,6218,11153
161484,Northern Maine Community College,Presque Isle,ME,578,1284
161493,,,,109,149
161509,Maine College of Art & Design,Portland,ME,455,494
161518,Saint Joseph's College of Maine,Standish,ME,1359,2099
161527,,,,199,378
161545,Southern Maine Community College,South Portland,ME,4530,9790
161554,University of Southern Maine,Portland,ME,5948,9676
161563,Thomas College,Waterville,ME,1130,1831
161572,Unity Environmental University,New Gloucester,ME,5275,9106
161581,,,,439,1065
161688,Allegany College of Maryland,Cumberland,MD,1646,3395
161767,Anne Arundel Community College,Arnold,MD,6422,16083
161800,,,,102,203
161855,,,,35,41
161864,,,,2396,5803
161873,University of Baltimore,Baltimore,MD,2292,3975
162007,Bowie State University,Bowie,MD,5061,7274
162061,Capitol Technology University,Laurel,MD,752,1297
162104,Cecil College,North East,MD,1078,2248
162122,College of Southern Maryland,La Plata,MD,3292,8145
162168,,,,1075,2719
162210,Washington Adventist University,Takoma Park,MD,564,884
162283,Coppin State University,Baltimore,MD,1847,2354
162335,,,,47,61
162371,,,,611,975
162557,Frederick Community College,Frederick,MD,3647,9416
162584,Frostburg State University,Frostburg,MD,3447,4515
162609,Garrett College,McHenry,MD,448,906
162654,Goucher College,Baltimore,MD,1226,1666
162690,Hagerstown Community College,Hagerstown,MD,3001,7091
162706,Harford Community College,Bel Air,MD,3105,6811
162760,Hood College,Frederick,MD,1635,2377
162779,Howard Community College,Columbia,MD,5459,14060
162830,,,,119,164
162928,Johns Hopkins University,Baltimore,MD,28706,39148
163028,,,,1122,1742
163046,Loyola University Maryland,Baltimore,MD,4893,5540
163204,University of Maryland Global Campus,Adelphi,MD,38923,94890
163259,,,,6733,7440
163268,University of Maryland-Baltimore County,Baltimore,MD,11788,15771
163286,University of Maryland-College Park,College Park,MD,36733,44110
163295,Maryland Institute College of Art,Baltimore,MD,1738,2225
163338,University of Maryland Eastern Shore,Princess Anne,MD,2773,3204
163347,,,,736,736
163408,,,,73,145
163426,Montgomery College,Rockville,MD,11932,25359
163453,Morgan State University,Baltimore,MD,9143,10551
163462,Mount St. Mary's University,Emmitsburg,MD,2456,2773
163532,,,,444,520
163541,,,,223,445
163578,Notre Dame of Maryland University,Baltimore,MD,1517,2732
163657,Prince George's Community College,Largo,MD,6756,15636
163815,,,,48,48
163851,Salisbury University,Salisbury,MD,6670,7497
163912,St. Mary's College of Maryland,St. Mary's City,MD,1718,1678
163976,St. John's College,Annapolis,MD,631,689
164076,Towson University,Towson,MD,17341,21858
164085,,,,993,1075
164155,,,,5194,4671
164173,Stevenson University,Owings Mills,MD,3198,4050
164216,Washington College,Chestertown,MD,963,958
164270,McDaniel College,Westminster,MD,2441,3548
164313,Wor-Wic Community College,Salisbury,MD,1437,3630
164368,,,,2053,3103
164447,American International College,Springfield,MA,1980,2610
164465,Amherst College,Amherst,MA,2070,2049
164492,Anna Maria College,Paxton,MA,1126,1573
164535,,,,46,48
164562,Assumption University,Worcester,MA,2105,2211
164580,Babson College,Wellesley,MA,4244,4645
164599,,,,27,66
164614,,,,25,38
164632,Bay Path University,Longmeadow,MA,2642,3629
164739,Bentley University,Waltham,MA,4912,5534
164748,Berklee College of Music,Boston,MA,8451,9705
164775,Berkshire Community College,Pittsfield,MA,845,2174
164872,Boston Architectural College,Boston,MA,726,1006
164915,,,,96,187
164924,Boston College,Chestnut Hill,MA,14079,16561
164988,Boston University,Boston,MA,37331,45380
165015,Brandeis University,Waltham,MA,6238,5803
165024,Bridgewater State University,Bridgewater,MA,8518,11506
165033,Bristol Community College,Fall River,MA,3739,8960
165060,,,,113,177
165112,Bunker Hill Community College,Boston,MA,5267,11868
165167,Cambridge College,Boston,MA,1355,3014
165194,Cape Cod Community College,West Barnstable,MA,1697,4173
165255,,,,153,340
165264,Laboure College of Healthcare,Milton,MA,455,972
165334,Clark University,Worcester,MA,3639,4611
165495,,,,23,18
165529,Curry College,Milton,MA,1919,2320
165574,Dean College,Franklin,MA,1132,1297
165608,,,,44,56
165635,,,,303,321
165644,Eastern Nazarene College,Quincy,MA,426,516
165662,Emerson College,Boston,MA,5528,5988
165671,Emmanuel College,Boston,MA,2082,2231
165699,Endicott College,Beverly,MA,4145,5091
165750,,,,86,160
165802,Fisher College,Boston,MA,1384,2875
165820,Fitchburg State University,Fitchburg,MA,4705,9604
165866,Framingham State University,Framingham,MA,3466,5888
165884,Benjamin Franklin Cummings Institute of Technology,Boston,MA,591,1040
165936,Gordon College,Wenham,MA,1540,2063
165945,,,,674,1647
165981,Greenfield Community College,Greenfield,MA,845,2061
166018,Hampshire College,Amherst,MA,712,771
166027,Harvard University,Cambridge,MA,30556,37558
166045,,,,126,193
166054,Hellenic College-Holy Cross Greek Orthodox School of Theology,Brookline,MA,170,240
166124,College of the Holy Cross,Worcester,MA,3282,3310
166133,Holyoke Community College,Holyoke,MA,2310,5109
166391,Lasell University,Newton,MA,1514,1894
166407,,,,131,254
166452,Lesley University,Cambridge,MA,2386,4431
166489,Longy School of Music of Bard College,Cambridge,MA,254,334
166498,,,,64,94
166513,University of Massachusetts-Lowell,Lowell,MA,13739,20418
166629,University of Massachusetts-Amherst,Amherst,MA,31926,36745
166638,University of Massachusetts-Boston,Boston,MA,12035,17933
166647,Massachusetts Bay Community College,Wellesley Hills,MA,2778,6971
166656,MCPHS University,Boston,MA,8858,6764
166674,Massachusetts College of Art and Design,Boston,MA,1832,2213
166683,Massachusetts Institute of Technology,Cambridge,MA,12630,12915
166692,Massachusetts Maritime Academy,Buzzards Bay,MA,1404,1397
166708,,,,1367,1448
166717,,,,891,1143
166805,,,,84,106
166823,Massasoit Community College,Brockton,MA,3325,7905
166850,Merrimack College,North Andover,MA,5990,6849
166869,,,,1679,2226
166887,Middlesex Community College,Bedford,MA,3911,11771
166911,Montserrat College of Art,Beverly,MA,302,305
166939,Mount Holyoke College,South Hadley,MA,2311,2688
166957,Mount Wachusett Community College,Gardner,MA,2157,4709
167039,,,,15,30
167057,The New England Conservatory of Music,Boston,MA,597,826
167093,,,,546,539
167215,,,,1031,1123
167260,Nichols College,Dudley,MA,1276,1526
167288,Massachusetts College of Liberal Arts,North Adams,MA,847,1292
167297,,,,148,162
167312,North Shore Community College,Danvers,MA,2951,7570
167358,Northeastern University,Boston,MA,30147,41654
167376,Northern Essex Community College,Haverhill,MA,2737,6504
167394,College of Our Lady of the Elms,Chicopee,MA,1162,1657
167525,Quincy College,Quincy,MA,2656,4684
167534,Quinsigamond Community College,Worcester,MA,4079,9511
167598,Regis College,Weston,MA,2413,3675
167631,,,,1097,3344
167677,,,,106,115
167729,Salem State University,Salem,MA,5273,7428
167783,Simmons University,Boston,MA,4469,5787
167792,Bard College at Simon's Rock,Great Barrington,MA,265,353
167835,Smith College,Northampton,MA,3162,3194
167871,,,,162,267
167899,Springfield College,Springfield,MA,2820,2849
167905,Springfield Technical Community College,Springfield,MA,2958,6342
167987,University of Massachusetts-Dartmouth,North Dartmouth,MA,6729,9128
167996,Stonehill College,Easton,MA,2546,2773
168005,Suffolk University,Boston,MA,6734,7246
168032,,,,23,34
168148,Tufts University,Medford,MA,13953,14945
168218,Wellesley College,Wellesley,MA,2688,2503
168227,Wentworth Institute of Technology,Boston,MA,4015,4674
168254,Western New England University,Springfield,MA,3392,3874
168263,Westfield State University,Westfield,MA,4028,5529
168281,Wheaton College (Massachusetts),Norton,MA,1776,1780
168342,Williams College,Williamstown,MA,2256,2326
168421,Worcester Polytechnic Institute,Worcester,MA,7174,8009
168430,Worcester State University,Worcester,MA,4557,7785
168528,Adrian College,Adrian,MI,1702,1875
168546,Albion College,Albion,MI,1431,1479
168555,,,,36,48
168573,,,,682,1154
168591,Alma College,Alma,MI,1292,1301
168607,Alpena Community College,Alpena,MI,915,2798
168740,Andrews University,Berrien Springs,MI,2436,4003
168786,Aquinas College,Grand Rapids,MI,1123,1280
168847,Baker College,Owosso,MI,2738,4976
168883,Bay de Noc Community College,Escanaba,MI,942,2527
168892,,,,82,165
169080,Calvin University,Grand Rapids,MI,3365,3678
169099,,,,357,371
169187,Carnegie Institute,Troy,MI,118,142
169220,,,,254,244
169248,Central Michigan University,Mount Pleasant,MI,13021,16725
169275,Mott Community College,Flint,MI,4535,9347
169284,,,,407,418
169327,Cleary University,Howell,MI,949,1566
169363,Concordia University Ann Arbor,Ann Arbor,MI,1287,1638
169424,,,,149,119
169442,College for Creative Studies,Detroit,MI,1242,1548
169479,Davenport University,Grand Rapids,MI,3500,5996
169503,,,,261,362
169521,Delta College,University Center,MI,5028,10733
169576,,,,190,187
169655,Universal Technical Institute-Canton,Canton,MI,2319,2319
169716,University of Detroit Mercy,Detroit,MI,4667,5954
169761,Dorsey College,Madison Heights,MI,655,1434
169798,Eastern Michigan University,Ypsilanti,MI,11013,16093
169813,,,,62,76
169910,Ferris State University,Big Rapids,MI,8100,12025
169974,Glen Oaks Community College,Centreville,MI,802,1764
169983,Kettering University,Flint,MI,1651,1886
169992,Gogebic Community College,Ironwood,MI,566,1071
170000,Grace Christian University,Wyoming,MI,827,1358
170037,Cornerstone University,Grand Rapids,MI,1560,2155
170055,Grand Rapids Community College,Grand Rapids,MI,7816,17744
170082,Grand Valley State University,Allendale,MI,20418,25119
170091,Great Lakes Christian College,Lansing,MI,145,196
170240,Henry Ford College,Dearborn,MI,7776,15749
170286,,,,1763,1896
170301,Hope College,Holland,MI,3237,3404
170444,Jackson College,Jackson,MI,2735,6263
170532,Kalamazoo College,Kalamazoo,MI,1372,1384
170541,Kalamazoo Valley Community College,Kalamazoo,MI,3937,9135
170550,Kellogg Community College,Battle Creek,MI,2009,6192
170587,Kirtland Community College,Grayling,MI,859,2132
170611,,,,97,172
170620,Lake Michigan College,Benton Harbor,MI,1735,3905
170639,Lake Superior State University,Sault Ste Marie,MI,1342,1808
170657,Lansing Community College,Lansing,MI,5989,13045
170675,Lawrence Technological University,Southfield,MI,2566,3878
170736,,,,18,53
170790,Macomb Community College,Warren,MI,10655,22963
170806,Madonna University,Livonia,MI,1730,2333
170967,Rochester University,Rochester Hills,MI,943,1295
170976,University of Michigan-Ann Arbor,Ann Arbor,MI,52888,54262
171012,,,,162,179
171100,Michigan State University,East Lansing,MI,47526,55377
171128,Michigan Technological University,Houghton,MI,6878,7848
171137,University of Michigan-Dearborn,Dearborn,MI,6550,9221
171146,University of Michigan-Flint,Flint,MI,5683,7507
171155,Mid Michigan College,Harrison,MI,2217,4473
171225,Monroe County Community College,Monroe,MI,1401,3223
171234,Montcalm Community College,Sidney,MI,835,2056
171304,Muskegon Community College,Muskegon,MI,2300,5376
171395,North Central Michigan College,Petoskey,MI,919,2147
171456,Northern Michigan University,Marquette,MI,6376,8049
171483,Northwestern Michigan College,Traverse City,MI,1971,3722
171492,Northwood University,Midland,MI,2257,3089
171535,Oakland Community College,Auburn Hills,MI,10156,22881
171571,Oakland University,Rochester Hills,MI,13846,18296
171599,The University of Olivet,Olivet,MI,901,1088
171775,,,,30,69
171881,Kuyper College,Grand Rapids,MI,117,192
171988,,,,196,196
171997,,,,319,319
172015,,,,159,159
172033,,,,184,410
172051,Saginaw Valley State University,University Center,MI,6095,7637
172200,Schoolcraft Community College District,Livonia,MI,5704,12977
172264,Siena Heights University,Adrian,MI,1543,2192
172291,St Clair County Community College,Port Huron,MI,1951,3999
172307,Southwestern Michigan College,Dowagiac,MI,1368,2339
172334,Spring Arbor University,Spring Arbor,MI,2285,2791
172422,,,,136,340
172477,,,,538,558
172495,,,,192,305
172608,,,,539,1664
172617,Washtenaw Community College,Ann Arbor,MI,7585,21126
172635,Wayne County Community College District,Detroit,MI,6235,20639
172644,Wayne State University,Detroit,MI,23545,28051
172671,West Shore Community College,Scottville,MI,627,1335
172680,,,,94,119
172699,Western Michigan University,Kalamazoo,MI,14467,18447
172705,,,,243,493
172866,Academy College,Bloomington,MN,97,136
172918,Alexandria Technical & Community College,Alexandria,MN,1927,4249
172954,Anoka Technical College,Anoka,MN,1315,2625
172963,Anoka-Ramsey Community College,Coon Rapids,MN,4678,10580
173045,Augsburg University,Minneapolis,MN,3316,3631
173063,Riverland Community College,Austin,MN,2082,4775
173115,Northwest Technical College,Bemidji,MN,602,1477
173124,Bemidji State University,Bemidji,MN,3124,4956
173142,Bethany Lutheran College,Mankato,MN,797,967
173160,Bethel University,Saint Paul,MN,3120,4501
173203,Central Lakes College-Brainerd,Brainerd,MN,2537,5906
173258,Carleton College,Northfield,MN,1993,2106
173300,Concordia College at Moorhead,Moorhead,MN,1853,1955
173328,Concordia University-Saint Paul,Saint Paul,MN,5731,7743
173416,Dakota County Technical College,Rosemount,MN,1976,3602
173452,Martin Luther College,New Ulm,MN,762,1226
173461,Lake Superior College,Duluth,MN,2445,5607
173559,Minnesota State Community and Technical College,Fergus Falls,MN,3211,6708
173638,Minnesota West Community and Technical College,Granite Falls,MN,1999,4818
173647,Gustavus Adolphus College,Saint Peter,MN,2076,1970
173665,Hamline University,Saint Paul,MN,2314,2997
173683,,,,166,261
173708,Hennepin Technical College,Brooklyn Park,MN,2691,5914
173735,Minnesota North College,Hibbing,MN,2459,3688
173744,,,,586,890
173799,Inver Hills Community College,Inver Grove Heights,MN,2253,5284
173896,,,,259,392
173902,Macalester College,Saint Paul,MN,2194,2158
173911,South Central College,North Mankato,MN,1860,4490
173920,Minnesota State University-Mankato,Mankato,MN,12886,18388
173957,,,,1671,1748
174020,Metropolitan State University,Saint Paul,MN,4745,8185
174066,University of Minnesota-Twin Cities,Minneapolis,MN,47101,59339
174075,University of Minnesota-Crookston,Crookston,MN,1698,2979
174127,Minneapolis College of Art and Design,Minneapolis,MN,759,905
174136,Minneapolis Community and Technical College,Minneapolis,MN,4167,9577
174154,Herzing University-Minneapolis,St. Louis Park,MN,906,1174
174190,,,,63,110
174233,University of Minnesota-Duluth,Duluth,MN,8579,10069
174251,University of Minnesota-Morris,Morris,MN,967,1100
174321,,,,170,213
174358,Minnesota State University Moorhead,Moorhead,MN,3861,5828
174376,North Hennepin Community College,Brooklyn Park,MN,3011,7229
174428,Normandale Community College,Bloomington,MN,6481,14821
174437,North Central University,Minneapolis,MN,709,1141
174473,Northland Community and Technical College,Thief River Falls,MN,1426,3261
174491,University of Northwestern-St Paul,Saint Paul,MN,2383,3588
174507,Northwestern Health Sciences University,Bloomington,MN,1102,1355
174525,Oak Hills Christian College,Bemidji,MN,89,127
174570,Pine Technical & Community College,Pine City,MN,832,2646
174738,Rochester Community and Technical College,Rochester,MN,3120,6268
174747,College of Saint Benedict,Saint Joseph,MN,1533,1482
174756,St Cloud Technical and Community College,Saint Cloud,MN,2574,4968
174783,Saint Cloud State University,Saint Cloud,MN,6931,12618
174792,Saint Johns University,Collegeville,MN,1629,1684
174817,Saint Mary's University of Minnesota,Winona,MN,2973,5642
174844,St Olaf College,Northfield,MN,3001,3138
174862,Crown College,Saint Bonifacius,MN,1207,1996
174899,The College of Saint Scholastica,Duluth,MN,3161,3847
174914,University of St Thomas,Saint Paul,MN,8762,10193
174978,,,,163,248
175005,St Catherine University,Saint Paul,MN,3207,4300
175014,Rasmussen University-Minnesota,St. Cloud,MN,7034,14004
175041,Saint Paul College,Saint Paul,MN,3398,7550
175078,Southwest Minnesota State University,Marshall,MN,3343,8943
175120,,,,647,771
175139,,,,171,295
175227,Dunwoody College of Technology,Minneapolis,MN,1295,1578
175236,Ridgewater College,Willmar,MN,2074,3540
175263,Minnesota State College Southeast,Winona,MN,1221,2692
175272,Winona State University,Winona,MN,5485,6901
175281,,,,1149,1228
175315,Century College,White Bear Lake,MN,5545,12097
175342,Alcorn State University,Alcorn State,MS,2673,3272
175421,Belhaven University,Jackson,MS,2820,5176
175430,Blue Mountain Christian University,Blue Mountain,MS,715,1070
175494,,,,165,191
175519,,,,1493,2344
175573,Copiah-Lincoln Community College,Wesson,MS,1858,3472
175616,Delta State University,Cleveland,MS,2296,3636
175643,East Central Community College,Decatur,MS,2013,3206
175652,East Mississippi Community College,Scooba,MS,3064,5047
175698,,,,14,30
175722,,,,38,42
175786,Hinds Community College,Raymond,MS,7068,12468
175810,Holmes Community College,Goodman,MS,4193,6971
175829,Itawamba Community College,Fulton,MS,4283,6294
175856,Jackson State University,Jackson,MS,5442,7261
175883,Jones County Junior College,Ellisville,MS,3657,5819
175935,Meridian Community College,Meridian,MS,2154,3752
175980,Millsaps College,Jackson,MS,600,675
176008,,,,1615,2517
176017,University of Mississippi,University,MS,24198,26841
176035,Mississippi University for Women,Columbus,MS,2074,2841
176044,Mississippi Valley State University,Itta Bena,MS,1441,2826
176053,Mississippi College,Clinton,MS,3970,4960
176062,,,,58,75
176071,Mississippi Gulf Coast Community College,Perkinston,MS,6837,11554
176080,Mississippi State University,Mississippi State,MS,21577,25234
176169,Northeast Mississippi Community College,Booneville,MS,2778,4097
176178,Northwest Mississippi Community College,Senatobia,MS,5845,9772
176239,Pearl River Community College,Poplarville,MS,5656,7302
176318,Rust College,Holly Springs,MS,452,517
176336,,,,91,99
176354,,,,1592,2220
176372,University of Southern Mississippi,Hattiesburg,MS,11936,15411
176406,Tougaloo College,Tougaloo,MS,699,729
176433,,,,58,93
176451,,,,99,264
176479,William Carey University,Hattiesburg,MS,3943,7130
176600,,,,54,125
176628,Avila University,Kansas City,MO,1776,2505
176664,Mission University,Springfield,MO,334,421
176716,,,,121,204
176770,Cox College,Springfield,MO,705,1026
176789,Calvary University,Kansas City,MO,175,295
176798,,,,180,215
176910,Central Christian College of the Bible,Moberly,MO,135,232
176947,Central Methodist University-College of Liberal Arts and Sciences,Fayette,MO,1059,1067
176965,University of Central Missouri,Warrensburg,MO,9788,17747
176983,,,,38,44
177038,Cleveland University-Kansas City,Overland Park,KS,628,780
177065,Columbia College,Columbia,MO,4523,8694
177083,,,,33,43
177092,,,,269,629
177117,Cottey College,Nevada,MO,259,269
177126,,,,359,706
177135,Crowder College,Neosho,MO,2516,5015
177144,Culver-Stockton College,Canton,MO,1139,1180
177214,Drury University,Springfield,MO,1625,1715
177250,East Central College,Union,MO,1678,3182
177278,,,,55,99
177302,,,,525,929
177339,Evangel University,Springfield,MO,1889,2510
177418,,,,893,989
177436,Four Rivers Career Center,Washington,MO,48,50
177472,Ozarks Technical Community College,Springfield,MO,7447,14535
177542,Hannibal-LaGrange University,Hannibal,MO,465,601
177551,Harris-Stowe State University,Saint Louis,MO,1148,1339
177588,,,,72,96
177603,,,,145,180
177676,Jefferson College,Hillsboro,MO,2425,4641
177685,,,,184,251
177719,,,,637,859
177746,Kansas City Art Institute,Kansas City,MO,796,811
177816,,,,72,86
177834,,,,3923,4251
177931,,,,34,22
177940,Lincoln University,Jefferson City,MO,1572,2429
177968,Lindenwood University,Saint Charles,MO,6181,10951
177977,State Technical College of Missouri,Linn,MO,2559,2547
177986,Logan University,Chesterfield,MO,1834,2128
177995,Metropolitan Community College-Kansas City,Kansas City,MO,8788,17558
178059,Maryville University of Saint Louis,Saint Louis,MO,7866,12225
178077,,,,103,142
178183,,,,153,236
178208,Midwestern Baptist Theological Seminary,Kansas City,MO,2572,5238
178217,Mineral Area College,Park Hills,MO,1789,2960
178244,Missouri Baptist University,Saint Louis,MO,2608,6222
178341,Missouri Southern State University,Joplin,MO,3147,4967
178369,Missouri Valley College,Marshall,MO,1433,1825
178387,Missouri Western State University,Saint Joseph,MO,2522,4325
178396,University of Missouri-Columbia,Columbia,MO,27877,33430
178402,University of Missouri-Kansas City,Kansas City,MO,10728,17378
178411,Missouri University of Science and Technology,Rolla,MO,6120,7655
178420,University of Missouri-St Louis,Saint Louis,MO,7751,17495
178448,Moberly Area Community College,Moberly,MO,3230,6740
178518,,,,91,186
178527,,,,70,89
178615,Truman State University,Kirksville,MO,2935,3994
178624,Northwest Missouri State University,Maryville,MO,7368,12279
178679,Ozark Christian College,Joplin,MO,599,799
178697,,,,1596,1609
178721,Park University,Parkville,MO,4540,8746
178767,Stevens-The Institute of Business & Arts,Saint Louis,MO,133,133
178828,,,,11,16
178891,Ranken Technical College,Saint Louis,MO,1976,2057
178989,,,,332,358
179043,Rockhurst University,Kansas City,MO,2846,4068
179159,Saint Louis University,Saint Louis,MO,13313,19321
179195,,,,30,46
179265,University of Health Sciences and Pharmacy in St. Louis,Saint Louis,MO,607,654
179308,Saint Louis Community College,Bridgeton,MO,9585,21669
179317,,,,67,115
179326,Southwest Baptist University,Bolivar,MO,1651,2469
179344,Missouri State University-West Plains,West Plains,MO,1001,2240
179511,,,,105,203
179539,State Fair Community College,Sedalia,MO,2467,4947
179548,Stephens College,Columbia,MO,549,585
179557,Southeast Missouri State University,Cape Girardeau,MO,7720,10995
179566,Missouri State University-Springfield,Springfield,MO,16771,27054
179645,Three Rivers College,Poplar Bluff,MO,1899,3410
179715,North Central Missouri College,Trenton,MO,1394,2598
179812,,,,1997,2061
179867,Washington University in St Louis,St. Louis,MO,16634,18015
179894,Webster University,Saint Louis,MO,7088,10103
179946,Westminster College,Fulton,MO,593,625
179955,William Jewell College,Liberty,MO,911,948
179964,William Woods University,Fulton,MO,1411,2384
179991,,,,36,49
180054,,,,214,418
180063,,,,27,30
180081,Highlands College of Montana Tech,Butte,MT,432,916
180090,,,,110,111
180106,Carroll College,Helena,MT,1194,1141
180151,Dawson Community College,Glendive,MT,305,813
180160,,,,181,408
180179,Montana State University Billings,Billings,MT,2858,5275
180197,Flathead Valley Community College,Kalispell,MT,1208,3299
180203,,,,110,239
180212,,,,349,699
180249,,,,882,1996
180258,University of Providence,Great Falls,MT,657,914
180276,Helena College University of Montana,Helena,MT,716,1965
180328,,,,281,490
180373,Miles Community College,Miles City,MT,470,1302
180416,Montana Technological University,Butte,MT,1484,1785
180461,Montana State University,Bozeman,MT,15586,18998
180489,The University of Montana,Missoula,MT,8444,12702
180522,Montana State University-Northern,Havre,MT,817,1262
180595,Rocky Mountain College,Billings,MT,971,1108
180647,Salish Kootenai College,Pablo,MT,539,925
180692,The University of Montana-Western,Dillon,MT,1274,1782
180814,Bellevue University,Bellevue,NE,10588,20201
180832,Clarkson College,Omaha,NE,916,1339
180878,Bryan College of Health Sciences,Lincoln,NE,571,987
180902,Central Community College,Grand Island,NE,3529,9995
180948,Chadron State College,Chadron,NE,1811,2619
180957,,,,97,105
180984,Concordia University-Nebraska,Seward,NE,1975,3966
181002,Creighton University,Omaha,NE,8630,9884
181020,Doane University,Crete,NE,1423,2427
181127,Hastings College,Hastings,NE,968,1043
181145,,,,21,25
181190,,,,132,137
181215,University of Nebraska at Kearney,Kearney,NE,4932,7218
181297,Nebraska Methodist College of Nursing & Allied Health,Omaha,NE,1008,1175
181303,Metropolitan Community College Area,Omaha,NE,9325,24188
181312,Mid-Plains Community College,North Platte,NE,1284,2831
181330,Midland University,Fremont,NE,1486,1867
181394,University of Nebraska at Omaha,Omaha,NE,12714,17737
181419,,,,336,919
181428,,,,3626,4194
181446,Nebraska Wesleyan University,Lincoln,NE,2189,4462
181464,University of Nebraska-Lincoln,Lincoln,NE,21300,25883
181491,Northeast Community College,Norfolk,NE,3010,6815
181534,Peru State College,Peru,NE,1259,2262
181543,,,,17,24
181604,College of Saint Mary,Omaha,NE,728,856
181640,Southeast Community College Area,Lincoln,NE,6006,13995
181738,Union Adventist University,Lincoln,NE,622,754
181765,Nebraska College of Technical Agriculture,Curtis,NE,226,286
181783,Wayne State College,Wayne,NE,3602,5949
181817,Western Nebraska Community College,Scottsbluff,NE,994,1948
181853,York University,York,NE,557,759
181880,,,,223,353
182005,College of Southern Nevada,Las Vegas,NV,18834,39425
182148,,,,757,763
182281,University of Nevada-Las Vegas,Las Vegas,NV,26706,35921
182290,University of Nevada-Reno,Reno,NV,18636,26890
182306,Great Basin College,Elko,NV,1974,4266
182500,Truckee Meadows Community College,Reno,NV,5915,13953
182564,Western Nevada College,Carson City,NV,2300,5583
182634,Colby-Sawyer College,New London,NH,975,1120
182670,Dartmouth College,Hanover,NH,7021,7434
182704,,,,83,116
182722,,,,122,235
182795,Franklin Pierce University,Rindge,NH,1732,1972
182829,,,,645,701
182892,,,,39,94
182980,New England College,Henniker,NH,2807,4152
183026,Southern New Hampshire University,Manchester,NH,122698,255134
183035,,,,16,30
183044,University of New Hampshire-Main Campus,Durham,NH,13732,14676
183062,Keene State College,Keene,NH,2962,3123
183071,University of New Hampshire at Manchester,Manchester,NH,736,1586
183080,Plymouth State University,Plymouth,NH,3538,4102
183099,NHTI-Concord's Community College,Concord,NH,1819,4978
183105,White Mountains Community College,Berlin,NH,497,1400
183114,River Valley Community College,Claremont,NH,635,2343
183123,Lakes Region Community College,Laconia,NH,579,1998
183132,Manchester Community College,Manchester,NH,1666,5528
183141,Nashua Community College,Nashua,NH,1014,3340
183150,Great Bay Community College,Portsmouth,NH,1252,3995
183202,,,,90,100
183211,Rivier University,Nashua,NH,2461,3434
183239,Saint Anselm College,Manchester,NH,2173,2143
183248,,,,149,170
183257,University of New Hampshire College of Professional Studies Online,Manchester,NH,930,2257
183275,Thomas More College of Liberal Arts,Merrimack,NH,106,100
183488,Eastwick College-Hackensack,Hackensack,NJ,838,1139
183600,,,,27,36
183655,Atlantic Cape Community College,Mays Landing,NJ,3231,7382
183725,,,,579,655
183743,Bergen Community College,Paramus,NJ,8773,16693
183789,Berkeley College-Woodland Park,Woodland Park,NJ,1939,2833
183804,,,,9093,10102
183822,Bloomfield College of Montclair State University,Bloomfield,NJ,853,967
183859,Brookdale Community College,Lincroft,NJ,7140,14556
183877,Rowan College at Burlington County,Mount Laurel,NJ,5536,11735
183910,Caldwell University,Caldwell,NJ,1650,2068
183938,Camden County College,Blackwood,NJ,6306,15292
183974,Centenary University,Hackettstown,NJ,1215,1740
183983,,,,81,155
184056,,,,622,1045
184092,,,,779,1147
184180,County College of Morris,Randolph,NJ,4465,8995
184205,Rowan College of South Jersey-Cumberland Campus,Vineland,NJ,1937,4418
184348,Drew University,Madison,NJ,2192,2502
184427,,,,394,529
184481,,,,4901,9358
184506,,,,134,188
184603,Fairleigh Dickinson University-Metropolitan Campus,Teaneck,NJ,4198,8836
184612,Felician University,Lodi,NJ,2212,2761
184694,Fairleigh Dickinson University-Florham Campus,Madison,NJ,2893,3238
184746,,,,221,221
184773,Georgian Court University,Lakewood,NJ,1563,2270
184782,Rowan University,Glassboro,NJ,17743,22902
184791,Rowan College of South Jersey-Gloucester Campus,Sewell,NJ,4134,7961
184816,,,,133,215
184959,Eastwick College-Ramsey,Ramsey,NJ,771,1074
184968,Holy Name Medical Center-Sister Claire Tynan School of Nursing,Englewood Cliffs,NJ,105,185
184995,Hudson County Community College,Jersey City,NJ,5348,10498
185129,New Jersey City University,Jersey City,NJ,4750,7008
185262,Kean University,Union,NJ,11914,15610
185396,,,,2082,2569
185466,,,,286,601
185509,Mercer County Community College,West Windsor,NJ,4044,8853
185536,Middlesex College,Edison,NJ,7780,17222
185572,Monmouth University,West Long Branch,NJ,4912,5323
185590,Montclair State University,Montclair,NJ,20748,25785
185679,,,,375,792
185721,Eastwick College-Nutley,Nutley,NJ,575,714
185758,,,,60,162
185767,,,,224,431
185828,New Jersey Institute of Technology,Newark,NJ,10725,14640
185873,Ocean County College,Toms River,NJ,5568,12532
185970,,,,127,180
186016,,,,446,736
186034,Passaic County Community College,Paterson,NJ,3627,8178
186052,,,,888,1536
186122,,,,290,315
186131,Princeton University,Princeton,NJ,8988,9042
186186,,,,323,323
186201,Ramapo College of New Jersey,Mahwah,NJ,5597,6346
186274,,,,181,396
186283,Rider University,Lawrenceville,NJ,3688,4932
186371,Rutgers University-Camden,Camden,NJ,5006,6622
186380,Rutgers University-New Brunswick,New Brunswick,NJ,50200,57297
186399,Rutgers University-Newark,Newark,NJ,9623,12739
186405,,,,21,15
186423,,,,32,53
186432,Saint Peter's University,Jersey City,NJ,3290,4961
186469,Salem Community College,Carneys Point,NJ,979,2084
186584,Seton Hall University,South Orange,NJ,9271,12878
186593,,,,230,328
186618,Saint Elizabeth University,Morristown,NJ,924,1175
186645,Raritan Valley Community College,Branchburg,NJ,4519,9716
186867,Stevens Institute of Technology,Hoboken,NJ,8390,9650
186876,Stockton University,Galloway,NJ,9827,12036
186900,,,,85,85
187000,Aviation Institute of Maintenance-Teterboro,Hasbrouck Heights,NJ,741,855
187046,,,,3086,10924
187134,The College of New Jersey,Ewing,NJ,8193,8588
187198,UCNJ Union College of Union County New Jersey,Cranford,NJ,6104,11360
187444,William Paterson University of New Jersey,Wayne,NJ,7170,11608
187505,,,,418,781
187532,Central New Mexico Community College,Albuquerque,NM,11470,27915
187596,,,,832,2004
187620,New Mexico State University-Dona Ana,Las Cruces,NM,4111,8861
187639,Clovis Community College,Clovis,NM,1201,3275
187648,Eastern New Mexico University-Main Campus,Portales,NM,3840,7107
187666,Eastern New Mexico University-Roswell Campus,Roswell,NM,1306,2918
187745,,,,501,1100
187897,New Mexico Highlands University,Las Vegas,NM,2189,3565
187903,New Mexico Junior College,Hobbs,NM,1469,2646
187912,New Mexico Military Institute,Roswell,NM,396,528
187958,University of New Mexico-Gallup Campus,Gallup,NM,1217,3097
187967,New Mexico Institute of Mining and Technology,Socorro,NM,1470,2088
187976,University of New Mexico-Los Alamos Campus,Los Alamos,NM,396,1936
187985,University of New Mexico-Main Campus,Albuquerque,NM,19889,24675
187994,New Mexico State University-Alamogordo,Alamogordo,NM,523,1593
188003,,,,646,1917
188021,New Mexico State University-Grants,Grants,NM,369,1286
188030,New Mexico State University-Main Campus,Las Cruces,NM,12503,16904
188049,University of New Mexico-Valencia County Campus,Los Lunas,NM,901,3736
188058,Northern New Mexico College,Espanola,NM,825,1685
188100,San Juan College,Farmington,NM,3545,8421
188137,Santa Fe Community College,Santa Fe,NM,1633,5210
188182,University of the Southwest,Hobbs,NM,878,1353
188207,,,,203,347
188216,,,,236,305
188225,University of New Mexico-Taos Campus,Ranchos de Taos,NM,518,1897
188261,,,,226,844
188289,,,,59,87
188304,Western New Mexico University,Silver City,NM,2443,4545
188340,Vaughn College of Aeronautics and Technology,Flushing,NY,1198,1731
188429,Adelphi University,Garden City,NY,7013,8359
188438,SUNY Adirondack,Queensbury,NY,1851,3851
188517,Bryant & Stratton College-Albany,Albany,NY,174,321
188526,Albany College of Pharmacy and Health Sciences,Albany,NY,912,907
188535,,,,648,731
188580,,,,900,903
188641,Alfred University,Alfred,NY,2065,2300
188650,,,,566,566
188669,The Ailey School,New York,NY,88,88
188678,American Academy of Dramatic Arts-New York,New York,NY,216,243
188687,American Academy McAllister Institute of Funeral Service,New York,NY,237,448
188854,American Musical and Dramatic Academy,New York,NY,1724,1725
188890,,,,1446,2370
188915,,,,29,29
188942,,,,295,295
189015,,,,635,1043
189088,Bard College,Annandale-On-Hudson,NY,3010,3329
189097,Barnard College,New York,NY,3289,3711
189219,,,,90,218
189228,Berkeley College-New York,New York,NY,1870,2910
189255,,,,109,141
189273,,,,83,83
189282,,,,417,425
189404,,,,74,163
189413,Boricua College,New York,NY,713,717
189468,,,,110,224
189477,,,,105,232
189501,,,,1174,1186
189547,SUNY Broome Community College,Binghamton,NY,3130,6640
189565,Bryant & Stratton College-Syracuse North,Liverpool,NY,411,672
189583,Bryant & Stratton College-Buffalo,Buffalo,NY,1217,4217
189592,Bryant & Stratton College-Greece,Rochester,NY,326,475
189705,Canisius University,Buffalo,NY,2437,2919
189714,,,,302,544
189811,St Paul's School of Nursing-Queens,Rego Park,NY,1316,1316
189839,Cayuga County Community College,Auburn,NY,1653,5448
189857,,,,946,946
189990,,,,542,1432
190008,,,,58,50
190044,Clarkson University,Potsdam,NY,3347,4041
190053,Clinton Community College,Plattsburgh,NY,474,1171
190071,,,,73,149
190080,,,,38,97
190099,Colgate University,Hamilton,NY,3098,3224
190114,Metropolitan College of New York,New York,NY,735,999
190150,Columbia University in the City of New York,New York,NY,33733,39113
190169,Columbia-Greene Community College,Hudson,NY,935,2093
190239,,,,154,272
190318,,,,233,381
190372,The Cooper Union for the Advancement of Science and Art,New York,NY,958,998
190415,Cornell University,Ithaca,NY,29484,26727
190424,,,,1323,1431
190442,SUNY Corning Community College,Corning,NY,1870,4464
190451,Pomeroy College of Nursing at Crouse Hospital,East Syracuse,NY,135,257
190503,Culinary Institute of America,Hyde Park,NY,3575,4119
190512,CUNY Bernard M Baruch College,New York,NY,17048,22934
190521,CUNY Borough of Manhattan Community College,New York,NY,13514,25782
190530,CUNY Bronx Community College,Bronx,NY,4293,9183
190549,CUNY Brooklyn College,Brooklyn,NY,11727,17247
190558,College of Staten Island CUNY,Staten Island,NY,9137,13127
190567,CUNY City College,New York,NY,12668,17741
190576,,,,4726,11166
190585,CUNY Hostos Community College,Bronx,NY,3383,7452
190594,CUNY Hunter College,New York,NY,19287,26815
190600,CUNY John Jay College of Criminal Justice,New York,NY,11736,16642
190619,CUNY Kingsborough Community College,Brooklyn,NY,7635,23445
190628,CUNY LaGuardia Community College,Long Island City,NY,8361,18176
190637,CUNY Lehman College,Bronx,NY,10311,16695
190646,CUNY Medgar Evers College,Brooklyn,NY,2892,4918
190655,CUNY New York City College of Technology,Brooklyn,NY,10160,16916
190664,CUNY Queens College,Queens,NY,13865,20162
190673,CUNY Queensborough Community College,Bayside,NY,6931,14588
190682,,,,696,696
190691,CUNY York College,Jamaica,NY,4412,8099
190707,,,,19,19
190716,D'Youville  University,Buffalo,NY,2412,2609
190725,Daemen University,Amherst,NY,2531,2945
190752,,,,58,58
190761,Dominican University New York,Orangeburg,NY,1510,1875
190840,Dutchess Community College,Poughkeepsie,NY,3684,8327
190956,,,,93,160
190983,Elmira College,Elmira,NY,617,696
191083,Erie Community College,Buffalo,NY,5774,12566
191126,Fashion Institute of Technology,New York,NY,7857,8986
191199,Finger Lakes Community College,Canandaigua,NY,3501,8507
191205,Five Towns College,Dix Hills,NY,586,939
191241,Fordham University,Bronx,NY,16341,17965
191302,Fulton-Montgomery Community College,Johnstown,NY,951,2016
191311,,,,118,285
191339,Genesee Community College,Batavia,NY,2263,5487
191515,Hamilton College,Clinton,NY,2048,2102
191533,Hartwick College,Oneonta,NY,1119,1161
191597,,,,571,940
191612,Herkimer County Community College,Herkimer,NY,1322,2698
191621,Hilbert College,Hamburg,NY,1128,2827
191630,Hobart William Smith Colleges,Geneva,NY,1621,1699
191649,Hofstra University,Hempstead,NY,10112,11251
191676,Houghton University,Houghton,NY,821,1090
191719,Hudson Valley Community College,Troy,NY,6845,15566
191728,,,,1040,1680
191931,Iona University,New Rochelle,NY,3410,4328
191940,,,,128,182
191959,,,,61,61
191968,Ithaca College,Ithaca,NY,5103,5205
191986,Jamestown Community College,Jamestown,NY,2099,4684
192004,,,,246,304
192022,Jefferson Community College,Watertown,NY,1524,3211
192040,,,,292,324
192110,The Juilliard School,New York,NY,1131,1070
192165,,,,207,207
192192,Keuka College,Keuka Park,NY,1253,1420
192271,LIM College,New York,NY,1388,1732
192323,Le Moyne College,Syracuse,NY,2984,3443
192448,Long Island University,Brookville,NY,10442,18013
192484,,,,90,196
192624,,,,160,160
192688,Mandl School-The College of Allied Health,New York,NY,566,696
192703,Manhattan University,Riverdale,NY,3255,3693
192712,Manhattan School of Music,New York,NY,1260,1112
192749,Manhattanville University,Purchase,NY,2042,2911
192785,Maria College of Albany,Albany,NY,587,952
192800,Marion S Whelan School of Nursing of Geneva General Hospital,Geneva,NY,15,16
192819,Marist University,Poughkeepsie,NY,5992,7361
192864,Marymount Manhattan College,New York,NY,1515,1741
192961,,,,74,164
192970,,,,17,12
193016,Mercy University,Dobbs Ferry,NY,6917,10508
193052,,,,644,609
193061,,,,50,50
193070,,,,67,67
193201,Mildred Elley School-Albany Campus,Albany,NY,473,593
193247,,,,113,130
193265,,,,80,86
193283,Mohawk Valley Community College,Utica,NY,4013,8773
193292,Molloy University,Rockville Centre,NY,4794,9845
193308,Monroe University,Bronx,NY,9464,10507
193326,Monroe Community College,Rochester,NY,7287,20035
193353,Mount Saint Mary College,Newburgh,NY,1535,2620
193380,,,,76,151
193399,University of Mount Saint Vincent,Bronx,NY,4512,5169
193405,,,,1222,1253
193478,Nassau Community College,Garden City,NY,8610,17756
193584,Nazareth University,Rochester,NY,2441,2673
193609,,,,73,71
193654,The New School,New York,NY,9144,10813
193751,,,,522,601
193821,,,,1012,1063
193830,,,,1401,1582
193858,,,,199,414
193894,,,,56,56
193900,New York University,New York,NY,56711,63571
193946,Niagara County Community College,Sanborn,NY,2714,5142
193973,Niagara University,Niagara University,NY,4212,5148
193991,,,,47,84
194028,North Country Community College,Saranac Lake,NY,960,2061
194073,,,,367,370
194091,New York Institute of Technology,Old Westbury,NY,6510,7224
194116,,,,401,816
194189,,,,133,133
194222,Onondaga Community College,Syracuse,NY,4484,10278
194240,Orange County Community College,Middletown,NY,3169,6530
194310,Pace University,New York,NY,13437,16012
194392,Paul Smiths College of Arts and Science,Paul Smiths,NY,593,1199
194435,,,,94,152
194499,Plaza College,Forest Hills,NY,1335,1429
194569,,,,135,161
194578,Pratt Institute-Main,Brooklyn,NY,5282,6094
194657,,,,285,285
194666,,,,514,514
194693,,,,61,61
194718,,,,85,85
194736,,,,164,164
194763,,,,702,610
194824,Rensselaer Polytechnic Institute,Troy,NY,7938,7752
194958,Roberts Wesleyan University,Rochester,NY,1662,2197
195003,Rochester Institute of Technology,Rochester,NY,14248,19382
195030,University of Rochester,Rochester,NY,11387,14407
195049,,,,322,286
195058,Rockland Community College,Suffern,NY,3839,7953
195067,,,,372,655
195128,Russell Sage College,Troy,NY,1825,2309
195155,,,,52,184
195164,St Bonaventure University,Saint Bonaventure,NY,2713,2977
195173,St. Francis College,Brooklyn,NY,3657,4953
195191,St. Joseph's College of Nursing,Syracuse,NY,176,315
195216,St Lawrence University,Canton,NY,2111,2186
195243,St. Thomas Aquinas College,Sparkill,NY,1272,2433
195289,Samaritan Hospital School of Nursing,Troy,NY,75,167
195304,Sarah Lawrence College,Bronxville,NY,1748,1898
195322,Schenectady County Community College,Schenectady,NY,1790,5054
195438,,,,171,171
195474,Siena College,Loudonville,NY,3625,3948
195526,Skidmore College,Saratoga Springs,NY,2855,2860
195544,St. Joseph's University-New York,Brooklyn,NY,3693,5255
195580,,,,80,93
195702,,,,119,158
195720,St. John Fisher University,Rochester,NY,3609,4058
195784,St Paul's School of Nursing-Staten Island,Staten Island,NY,888,888
195809,St. John's University-New York,Queens,NY,14402,21357
195988,Sullivan County Community College,Loch Sheldrake,NY,1049,2168
196006,SUNY College of Technology at Alfred,Alfred,NY,3582,4281
196015,SUNY College of Technology at Canton,Canton,NY,2763,4269
196024,SUNY College of Technology at Delhi,Delhi,NY,2419,3078
196033,SUNY College of Agriculture and Technology at Cobleskill,Cobleskill,NY,1936,2837
196042,Farmingdale State College,Farmingdale,NY,9457,18499
196051,SUNY Morrisville,Morrisville,NY,1765,2452
196060,University at Albany,Albany,NY,15352,27172
196079,Binghamton University,Vestal,NY,18847,20575
196088,University at Buffalo,Buffalo,NY,30422,35427
196097,Stony Brook University,Stony Brook,NY,26068,33031
196103,SUNY College of Environmental Science and Forestry,Syracuse,NY,2010,3230
196112,SUNY Polytechnic Institute,Utica,NY,2298,3006
196121,SUNY Brockport,Brockport,NY,6151,8138
196130,SUNY Buffalo State University,Buffalo,NY,5726,8083
196149,State University of New York at Cortland,Cortland,NY,6678,7824
196158,SUNY at Fredonia,Fredonia,NY,3251,3582
196167,SUNY College at Geneseo,Geneseo,NY,3884,4230
196176,State University of New York at New Paltz,New Paltz,NY,6900,8697
196185,SUNY Oneonta,Oneonta,NY,5224,6263
196194,State University of New York at Oswego,Oswego,NY,6585,9219
196200,SUNY College at Potsdam,Potsdam,NY,2665,3479
196219,SUNY at Purchase College,Purchase,NY,3279,3686
196228,,,,394,396
196237,SUNY Old Westbury,Old Westbury,NY,4208,5954
196246,State University of New York at Plattsburgh,Plattsburgh,NY,4246,5289
196255,,,,2173,2501
196264,Empire State University,Saratoga Springs,NY,7528,16287
196291,SUNY Maritime College,Throggs Neck,NY,1517,1563
196307,,,,1334,1479
196389,Swedish Institute a College of Health Sciences,New York,NY,600,1886
196413,Syracuse University,Syracuse,NY,23398,37243
196431,,,,360,360
196440,,,,17,17
196468,,,,3644,5434
196565,Tompkins Cortland Community College,Dryden,NY,2715,7983
196583,,,,96,96
196592,Touro University,New York,NY,10757,14626
196653,Trocaire College,Buffalo,NY,761,1421
196680,,,,5222,18823
196699,Ulster County Community College,Stone Ridge,NY,1517,3630
196866,Union College,Schenectady,NY,2105,2118
196884,,,,193,272
197018,,,,2006,2006
197027,United States Merchant Marine Academy,Kings Point,NY,1623,960
197036,,,,4567,4656
197045,Utica University,Utica,NY,3675,4702
197133,Vassar College,Poughkeepsie,NY,2465,2609
197142,Villa Maria College,Buffalo,NY,466,595
197151,School of Visual Arts,New York,NY,4051,4198
197197,Wagner College,Staten Island,NY,1758,2017
197221,,,,105,106
197285,The College of Westchester,White Plains,NY,832,1575
197294,SUNY Westchester Community College,Valhalla,NY,6682,15595
197337,,,,45,84
197531,Word of Life Bible Institute,Pottersville,NY,745,683
197601,,,,169,170
197647,,,,155,155
197674,,,,270,272
197692,,,,71,100
197708,Yeshiva University,New York,NY,6981,7568
197735,,,,1183,1184
197744,,,,247,247
197814,,,,1458,3469
197850,,,,2380,4805
197869,Appalachian State University,Boone,NC,20666,23026
197887,Asheville-Buncombe Technical Community College,Asheville,NC,4240,9190
197911,Barton College,Wilson,NC,1135,1387
197966,,,,1263,2523
197984,Belmont Abbey College,Belmont,NC,1607,1797
197993,Bennett College,Greensboro,NC,183,203
198011,,,,952,1406
198039,Blue Ridge Community College,Flat Rock,NC,2143,3970
198066,Brevard College,Brevard,NC,779,840
198084,,,,1368,2590
198109,Cabarrus College of Health Sciences,Concord,NC,701,880
198118,Caldwell Community College and Technical Institute,Hudson,NC,2496,4834
198136,Campbell University,Buies Creek,NC,5172,5697
198154,Cape Fear Community College,Wilmington,NC,7603,26685
198206,,,,1093,2171
198215,Catawba College,Salisbury,NC,1238,1471
198233,Catawba Valley Community College,Hickory,NC,2627,6241
198251,,,,3601,7357
198260,Central Piedmont Community College,Charlotte,NC,14037,26949
198303,Chowan University,Murfreesboro,NC,673,784
198321,,,,1877,3723
198330,,,,3230,4827
198367,,,,1928,3912
198376,Davidson-Davie Community College,Thomasville,NC,3565,5112
198385,Davidson College,Davidson,NC,2039,2080
198419,Duke University,Durham,NC,16616,18360
198455,Durham Technical Community College,Durham,NC,3511,7821
198464,East Carolina University,Greenville,NC,23409,29704
198491,Edgecombe Community College,Tarboro,NC,815,2120
198507,Elizabeth City State University,Elizabeth City,NC,1935,2504
198516,Elon University,Elon,NC,7018,7562
198534,Fayetteville Technical Community College,Fayetteville,NC,7992,15510
198543,Fayetteville State University,Fayetteville,NC,6062,8337
198552,Forsyth Technical Community College,Winston-Salem,NC,6186,11847
198561,Gardner-Webb University,Boiling Springs,NC,2636,3485
198570,,,,5376,8026
198598,Greensboro College,Greensboro,NC,839,1029
198613,Guilford College,Greensboro,NC,1244,1306
198622,Guilford Technical Community College,Jamestown,NC,7923,15434
198640,,,,855,1464
198668,,,,837,1716
198677,,,,20,38
198695,High Point University,High Point,NC,6605,6294
198710,,,,1444,2583
198729,,,,1000,1715
198756,Johnson C Smith University,Charlotte,NC,1131,1346
198774,,,,3930,6884
198808,Lees-McRae College,Banner Elk,NC,861,888
198817,,,,1546,3293
198835,Lenoir-Rhyne University,Hickory,NC,2049,2488
198844,,,,168,201
198862,Livingstone College,Salisbury,NC,810,896
198871,Louisburg College,Louisburg,NC,412,513
198899,Mars Hill University,Mars Hill,NC,1007,1114
198905,,,,502,1037
198914,,,,680,1131
198923,,,,771,1578
198950,Meredith College,Raleigh,NC,1545,1705
198969,Methodist University,Fayetteville,NC,1727,1966
198978,,,,206,192
198987,,,,2608,4567
199023,,,,496,1251
199032,Montreat College,Montreat,NC,993,1287
199069,University of Mount Olive,Mount Olive,NC,2176,2726
199078,,,,132,236
199087,Nash Community College,Rocky Mount,NC,1666,3653
199102,North Carolina A & T State University,Greensboro,NC,13077,15413
199111,University of North Carolina Asheville,Asheville,NC,2697,3339
199120,University of North Carolina at Chapel Hill,Chapel Hill,NC,30607,34640
199139,University of North Carolina at Charlotte,Charlotte,NC,26922,34158
199148,University of North Carolina at Greensboro,Greensboro,NC,15649,19903
199157,North Carolina Central University,Durham,NC,7276,9008
199184,University of North Carolina School of the Arts,Winston Salem,NC,1057,1085
199193,North Carolina State University at Raleigh,Raleigh,NC,32880,41029
199209,North Carolina Wesleyan University,Rocky Mount,NC,1428,1772
199218,University of North Carolina Wilmington,Wilmington,NC,16392,20709
199263,,,,226,554
199272,William Peace University,Raleigh,NC,693,1075
199281,University of North Carolina at Pembroke,Pembroke,NC,6364,9501
199306,Pfeiffer University,Misenheimer,NC,848,1042
199324,,,,863,1716
199333,Pitt Community College,Winterville,NC,5795,11182
199412,Queens University of Charlotte,Charlotte,NC,1739,2103
199421,,,,1717,3411
199449,,,,1823,3141
199458,Mid-Atlantic Christian University,Elizabeth City,NC,123,186
199467,,,,408,854
199476,,,,1434,2715
199485,,,,1450,2202
199494,Rowan-Cabarrus Community College,Salisbury,NC,3929,8806
199582,Saint Augustine's University,Raleigh,NC,762,975
199607,Salem College,Winston-Salem,NC,453,559
199625,,,,1234,2273
199634,,,,3220,4903
199643,Shaw University,Raleigh,NC,864,1078
199689,,,,214,253
199698,St. Andrews University,Laurinburg,NC,783,845
199722,,,,929,1813
199731,Southwestern Community College,Sylva,NC,1267,2860
199740,,,,1523,3346
199759,,,,1760,4118
199768,,,,1759,3576
199786,,,,2951,5774
199795,,,,697,1342
199838,,,,2078,3868
199847,Wake Forest University,Winston-Salem,NC,9121,9843
199856,Wake Technical Community College,Raleigh,NC,16533,32902
199865,Warren Wilson College,Swannanoa,NC,794,861
199883,,,,159,159
199892,Wayne Community College,Goldsboro,NC,2259,4198
199908,,,,1051,2334
199926,Wilkes Community College,Wilkesboro,NC,1690,3096
199953,Wilson Community College,Wilson,NC,979,2559
199962,Wingate University,Wingate,NC,3304,3594
199971,,,,58,96
199980,,,,216,216
199999,Winston-Salem State University,Winston-Salem,NC,4591,5324
200004,Western Carolina University,Cullowhee,NC,10629,13206
200013,Rasmussen University-North Dakota,Fargo,ND,307,477
200022,Bismarck State College,Bismarck,ND,2791,5401
200059,Dickinson State University,Dickinson,ND,1141,1759
200086,,,,141,354
200110,,,,77,77
200156,University of Jamestown,Jamestown,ND,1325,1484
200192,Lake Region State College,Devils Lake,ND,905,2625
200208,,,,138,475
200217,University of Mary,Bismarck,ND,3710,4626
200226,Mayville State University,Mayville,ND,793,1403
200253,Minot State University,Minot,ND,2227,3264
200280,University of North Dakota,Grand Forks,ND,11960,18449
200305,North Dakota State College of Science,Wahpeton,ND,2176,4056
200314,Dakota College at Bottineau,Bottineau,ND,589,1513
200332,North Dakota State University-Main Campus,Fargo,ND,10726,13041
200341,Williston State College,Williston,ND,676,1268
200466,,,,211,422
200484,Trinity Bible College and Graduate School,Ellendale,ND,230,363
200527,,,,551,915
200554,,,,532,727
200572,Valley City State University,Valley City,ND,1216,2193
200590,ETI Technical College of Niles,Niles,OH,301,323
200697,,,,847,1491
200785,Herzing University-Akron,Akron,OH,382,755
200800,University of Akron Main Campus,Akron,OH,11077,15195
200846,University of Akron Wayne College,Orrville,OH,724,1512
200873,,,,46,74
201034,,,,217,1296
201061,Art Academy of Cincinnati,Cincinnati,OH,226,262
201098,,,,26,44
201104,Ashland University,Ashland,OH,3238,5217
201131,,,,233,304
201140,,,,121,187
201159,,,,141,397
201177,Aultman College of Nursing and Health Sciences,Canton,OH,208,325
201195,Baldwin Wallace University,Berea,OH,3258,3646
201283,Belmont College,St Clairsville,OH,550,965
201371,Bluffton University,Bluffton,OH,640,736
201432,Bowling Green State University-Firelands,Huron,OH,1316,2389
201441,Bowling Green State University-Main Campus,Bowling Green,OH,15252,19958
201469,Bryant & Stratton College-Parma,Parma,OH,512,866
201478,,,,151,215
201496,,,,525,901
201539,,,,81,107
201548,Capital University,Columbus,OH,2448,3447
201645,Case Western Reserve University,Cleveland,OH,11977,12680
201654,Cedarville University,Cedarville,OH,4733,5744
201672,Central Ohio Technical College,Newark,OH,1755,4349
201681,,,,88,88
201690,Central State University,Wilberforce,OH,3182,4238
201803,Choffin Career  and Technical Center,Youngstown,OH,100,73
201821,The Christ College of Nursing and Health Sciences,Cincinnati,OH,719,906
201867,,,,127,122
201885,University of Cincinnati-Main Campus,Cincinnati,OH,38762,51726
201928,Cincinnati State Technical and Community College,Cincinnati,OH,5458,13188
201946,University of Cincinnati-Clermont College,Batavia,OH,4023,15282
201955,University of Cincinnati-Blue Ash College,Blue Ash,OH,4071,11621
201964,Ohio Christian University,Circleville,OH,862,1681
201973,Clark State College,Springfield,OH,2660,6711
202046,Cleveland Institute of Art,Cleveland,OH,538,577
202073,Cleveland Institute of Music,Cleveland,OH,362,359
202134,Cleveland State University,Cleveland,OH,12217,16742
202152,,,,134,205
202170,Columbus College of Art & Design,Columbus,OH,856,940
202222,Columbus State Community College,Columbus,OH,17543,42485
202356,Cuyahoga Community College District,Cleveland,OH,10366,28865
202435,Davis College,Toledo,OH,126,275
202453,,,,104,111
202480,University of Dayton,Dayton,OH,11180,12174
202514,Defiance College,Defiance,OH,494,572
202523,Denison University,Granville,OH,2576,2518
202648,Edison State Community College,Piqua,OH,2410,5766
202657,,,,232,512
202763,The University of Findlay,Findlay,OH,3827,6112
202806,Franklin University,Columbus,OH,6776,13457
202888,,,,24,65
202903,Gods Bible School and College,Cincinnati,OH,264,523
202912,Good Samaritan College of Nursing and Health Science,Cincinnati,OH,570,758
202949,,,,176,234
202985,,,,36,57
203030,,,,110,110
203067,,,,262,263
203085,Heidelberg University,Tiffin,OH,1049,1201
203128,Hiram College,Hiram,OH,812,1049
203146,,,,470,526
203155,Hocking College,Nelsonville,OH,1492,2537
203234,,,,172,172
203331,,,,6689,16308
203368,John Carroll University,University Heights,OH,2569,3041
203386,Hondros College of Nursing,Columbus,OH,2865,5533
203438,,,,119,189
203447,Kent State University at Ashtabula,Ashtabula,OH,681,2840
203456,Kent State University at East Liverpool,East Liverpool,OH,339,2036
203465,Kent State University at Stark,North Canton,OH,1723,5614
203474,Kent State University at Trumbull,Warren,OH,799,3324
203483,Kent State University at Tuscarawas,New Philadelphia,OH,909,3073
203492,Kent State University at Salem,Salem,OH,630,2396
203517,Kent State University at Kent,Kent,OH,24811,32919
203526,Kent State University at Geauga,Burton,OH,800,3531
203535,Kenyon College,Gambier,OH,2002,2473
203544,Kettering College,Kettering,OH,1143,1230
203580,Lake Erie College,Painesville,OH,955,1236
203599,Lakeland Community College,Kirtland,OH,2859,6705
203614,,,,507,631
203678,James A. Rhodes State College,Lima,OH,1753,4730
203720,Ohio Business College-Sheffield,Sheffield Village,OH,255,381
203739,Ohio Business College-Sandusky,Sandusky,OH,66,75
203748,Lorain County Community College,Elyria,OH,5021,12456
203757,Lourdes University,Sylvania,OH,704,1353
203775,Malone University,Canton,OH,1016,1545
203845,Marietta College,Marietta,OH,1252,1334
203881,Marion Technical College,Marion,OH,1588,4113
203942,,,,35,52
203960,Mercy College of Ohio,Toledo,OH,936,1517
203997,,,,122,203
204006,Miami University-Hamilton,Hamilton,OH,2010,2812
204015,Miami University-Middletown,Middletown,OH,969,1526
204024,Miami University-Oxford,Oxford,OH,18899,19817
204121,,,,58,78
204158,,,,107,92
204176,Mount Carmel College of Nursing,Columbus,OH,786,858
204185,University of Mount Union,Alliance,OH,2351,2529
204194,Mount Vernon Nazarene University,Mount Vernon,OH,1571,2615
204200,Mount St. Joseph University,Cincinnati,OH,1872,2330
204255,Zane State College,Zanesville,OH,986,2045
204264,Muskingum University,New Concord,OH,1757,2771
204334,,,,140,244
204422,North Central State College,Mansfield,OH,1439,3211
204431,,,,42,82
204440,Northwest State Community College,Archbold,OH,2637,5712
204459,,,,34,41
204477,,,,1023,1017
204486,University of Northwestern Ohio,Lima,OH,2695,3175
204501,Oberlin College,Oberlin,OH,3356,4160
204608,,,,302,435
204617,Ohio Dominican University,Columbus,OH,1179,1464
204635,Ohio Northern University,Ada,OH,2942,3084
204662,Ohio State University Agricultural Technical Institute,Wooster,OH,423,504
204671,Ohio State University-Lima Campus,Lima,OH,666,925
204680,Ohio State University-Mansfield Campus,Mansfield,OH,737,1102
204699,Ohio State University-Marion Campus,Marion,OH,777,1077
204705,Ohio State University-Newark Campus,Newark,OH,2069,2845
204714,,,,97,114
204723,,,,263,391
204769,,,,98,204
204778,,,,45,70
204796,Ohio State University-Main Campus,Columbus,OH,59432,65036
204802,Ohio University-Eastern Campus,Saint Clairsville,OH,463,2298
204820,Ohio University-Chillicothe Campus,Chillicothe,OH,863,3591
204839,Ohio University-Southern Campus,Ironton,OH,680,3347
204848,Ohio University-Lancaster Campus,Lancaster,OH,781,3676
204857,Ohio University-Main Campus,Athens,OH,23840,28654
204866,Ohio University-Zanesville Campus,Zanesville,OH,755,3430
204884,East Ohio College,East Liverpool,OH,140,220
204893,Trinity Health System School of Nursing,Steubenville,OH,24,45
204909,Ohio Wesleyan University,Delaware,OH,1475,1482
204936,Otterbein University,Westerville,OH,2278,2705
204945,Owens Community College,Perrysburg,OH,4486,11459
204963,,,,61,78
204981,,,,97,189
204990,,,,107,174
205027,,,,71,80
205054,Professional Skills Institute,Maumee,OH,512,779
205090,,,,53,73
205124,,,,78,72
205142,,,,188,227
205179,Fortis College-Centerville,Centerville,OH,673,683
205203,University of Rio Grande,Rio Grande,OH,1662,2702
205391,The Modern College of Design,Kettering,OH,177,219
205443,Shawnee State University,Portsmouth,OH,2937,3846
205470,Sinclair Community College,Dayton,OH,13949,33002
205841,Stark State College,North Canton,OH,4982,12399
205887,Stautzenberger College-Maumee,Maumee,OH,760,1172
205957,Franciscan University of Steubenville,Steubenville,OH,3382,4552
205966,Southern State Community College,Hillsboro,OH,1213,2903
206011,Terra State Community College,Fremont,OH,1198,2858
206039,,,,48,75
206048,Tiffin University,Tiffin,OH,2917,4866
206084,University of Toledo,Toledo,OH,14018,17497
206154,,,,9,26
206172,,,,29,88
206181,,,,202,193
206288,,,,483,595
206321,,,,99,137
206349,Ursuline College,Pepper Pike,OH,1384,2719
206437,Walsh University,North Canton,OH,1974,2465
206446,Washington State College of Ohio,Marietta,OH,1203,2612
206491,Wilberforce University,Wilberforce,OH,610,697
206507,Wilmington College,Wilmington,OH,1003,1024
206516,,,,107,170
206525,Wittenberg University,Springfield,OH,1343,1372
206589,The College of Wooster,Wooster,OH,1838,1912
206604,Wright State University-Main Campus,Dayton,OH,7975,11442
206613,Wright State University-Lake Campus,Celina,OH,871,1661
206622,Xavier University,Cincinnati,OH,5876,6731
206695,Youngstown State University,Youngstown,OH,9642,13195
206835,Oklahoma Wesleyan University,Bartlesville,OK,746,1075
206862,Southern Nazarene University,Bethany,OK,1907,2601
206905,,,,273,356
206914,Cameron University,Lawton,OK,2581,4293
206923,Carl Albert State College,Poteau,OK,1226,2160
206932,,,,765,829
206941,University of Central Oklahoma,Edmond,OK,9777,14247
206996,Connors State College,Warner,OK,1469,2619
207041,East Central University,Ada,OK,2869,3901
207050,Eastern Oklahoma State College,Wilburton,OK,871,1590
207069,Redlands Community College,El Reno,OK,1041,2387
207087,,,,40,73
207102,,,,135,135
207157,Randall University,Moore,OK,252,339
207209,Langston University,Langston,OK,1930,2076
207236,Murray State College,Tishomingo,OK,1704,3385
207254,Spartan College of Aeronautics and Technology,Tulsa,OK,1064,1155
207263,Northeastern State University,Tahlequah,OK,5339,8002
207281,Northern Oklahoma College,Tonkawa,OK,1894,4619
207290,Northeastern Oklahoma A&M College,Miami,OK,1379,2129
207306,Northwestern Oklahoma State University,Alva,OK,1575,2388
207315,,,,1582,2179
207324,Oklahoma Christian University,Edmond,OK,2497,3483
207342,,,,3666,3833
207351,Oklahoma Panhandle State University,Goodwell,OK,940,1285
207388,Oklahoma State University-Main Campus,Stillwater,OK,23434,28585
207397,Oklahoma State University-Oklahoma City,Oklahoma City,OK,2587,6344
207403,Oklahoma Baptist University,Shawnee,OK,1355,1670
207449,Oklahoma City Community College,Oklahoma City,OK,6454,16249
207458,Oklahoma City University,Oklahoma City,OK,2883,3207
207500,University of Oklahoma-Norman Campus,Norman,OK,25926,32954
207564,Oklahoma State University Institute of Technology,Okmulgee,OK,2284,3178
207582,Oral Roberts University,Tulsa,OK,4256,6376
207661,Rogers State University,Claremore,OK,2520,3876
207670,Rose State College,Midwest City,OK,3855,9524
207704,,,,129,243
207722,University of Science and Arts of Oklahoma,Chickasha,OK,909,1013
207740,Seminole State College,Seminole,OK,1033,1926
207786,,,,12,24
207847,Southeastern Oklahoma State University,Durant,OK,4696,7653
207856,Southwestern Christian University,Bethany,OK,305,384
207865,Southwestern Oklahoma State University,Weatherford,OK,4126,5869
207935,Tulsa Community College,Tulsa,OK,8984,20053
207962,,,,1068,1579
207971,University of Tulsa,Tulsa,OK,3405,3957
208035,Western Oklahoma State College,Altus,OK,757,1468
208044,,,,28,56
208053,,,,215,350
208275,Blue Mountain Community College,Pendleton,OR,1092,3221
208318,Central Oregon Community College,Bend,OR,2917,7321
208390,Chemeketa Community College,Salem,OR,6152,12632
208406,Clackamas Community College,Oregon City,OR,2572,11524
208415,Clatsop Community College,Astoria,OR,524,1506
208433,,,,84,107
208479,,,,665,652
208512,,,,805,791
208637,,,,131,298
208646,Eastern Oregon University,La Grande,OR,2231,5151
208725,New Hope Christian College-Eugene,Eugene,OR,40,60
208822,George Fox University,Newberg,OR,3818,5008
208859,,,,34,78
209038,Lane Community College,Eugene,OR,7855,12002
209056,Lewis & Clark College,Portland,OR,3427,3796
209065,Linfield University,McMinnville,OR,1706,1901
209074,Linn-Benton Community College,Albany,OR,3160,8631
209083,,,,67,96
209153,,,,30,49
209205,,,,57,73
209241,,,,101,123
209250,Mt Hood Community College,Gresham,OR,2853,11656
209296,,,,378,401
209409,Bushnell University,Eugene,OR,740,898
209490,,,,2775,3226
209506,Oregon Institute of Technology,Klamath Falls,OR,3142,8796
209542,Oregon State University,Corvallis,OR,30394,43223
209551,University of Oregon,Eugene,OR,22781,25432
209603,Pacific Northwest College of Art,Portland,OR,486,546
209612,Pacific University,Forest Grove,OR,3627,3930
209667,,,,42,103
209676,,,,74,190
209694,,,,40,67
209700,,,,182,300
209719,,,,113,113
209746,Portland Community College,Portland,OR,13332,35213
209807,Portland State University,Portland,OR,15129,24869
209825,University of Portland,Portland,OR,3457,3722
209922,Reed College,Portland,OR,1422,1555
209940,Rogue Community College,Grants Pass,OR,2240,6537
210146,Southern Oregon University,Ashland,OR,3567,7070
210155,Southwestern Oregon Community College,Coos Bay,OR,1115,2153
210234,Treasure Valley Community College,Ontario,OR,1072,3069
210270,Umpqua Community College,Roseburg,OR,1303,3684
210304,Warner Pacific University,Portland,OR,337,404
210331,Corban University,Salem,OR,803,1095
210368,,,,437,940
210401,Willamette University,Salem,OR,2098,2245
210429,Western Oregon University,Monmouth,OR,3548,7237
210438,,,,988,1306
210492,Bryn Athyn College of the New Church,Bryn Athyn,PA,257,295
210508,,,,22,22
210571,Albright College,Reading,PA,1643,1899
210599,,,,1516,1516
210605,Community College of Allegheny County,Pittsburgh,PA,7433,17631
210669,Allegheny College,Meadville,PA,1234,1247
210711,,,,175,203
210739,DeSales University,Center Valley,PA,3244,3998
210748,,,,86,166
210775,Alvernia University,Reading,PA,2395,3197
210784,,,,329,380
210809,,,,3000,14716
211006,,,,540,551
211079,Community College of Beaver County,Monaca,PA,1061,2215
211088,Arcadia University,Glenside,PA,3045,3908
211130,,,,20,53
211273,Bryn Mawr College,Bryn Mawr,PA,1838,1784
211291,Bucknell University,Lewisburg,PA,4051,4014
211307,Bucks County Community College,Newtown,PA,4295,10556
211316,,,,70,142
211334,,,,48,51
211343,Butler County Community College,Butler,PA,1543,3373
211431,Carlow University,Pittsburgh,PA,2060,3147
211440,Carnegie Mellon University,Pittsburgh,PA,15059,16795
211468,Cedar Crest College,Allentown,PA,1175,1525
211477,Central Penn College,Summerdale,PA,506,1239
211556,Chatham University,Pittsburgh,PA,2163,2618
211583,Chestnut Hill College,Philadelphia,PA,1260,1609
211608,Cheyney University of Pennsylvania,Cheyney,PA,696,769
211635,,,,119,142
211802,,,,137,150
211893,,,,171,160
211927,Delaware County Community College,Media,PA,5011,12031
211981,Delaware Valley University,Doylestown,PA,2161,2740
212009,Dickinson College,Carlisle,PA,2317,2246
212045,Douglas Education Center,Monessen,PA,320,340
212054,Drexel University,Philadelphia,PA,20062,24590
212106,Duquesne University,Pittsburgh,PA,8122,9212
212115,East Stroudsburg University of Pennsylvania,East Stroudsburg,PA,5069,6155
212133,Eastern University,Saint Davids,PA,6601,10139
212197,Elizabethtown College,Elizabethtown,PA,2333,2553
212230,,,,35,55
212267,,,,92,151
212276,,,,106,138
212294,,,,80,110
212300,,,,59,97
212328,,,,128,201
212337,,,,100,167
212355,,,,142,228
212382,,,,161,257
212391,,,,88,127
212434,Erie Institute of Technology Inc,Erie,PA,305,305
212577,Franklin and Marshall College,Lancaster,PA,2052,2006
212601,Gannon University,Erie,PA,4113,5184
212656,Geneva College,Beaver Falls,PA,1156,1441
212674,Gettysburg College,Gettysburg,PA,2830,3373
212753,,,,120,190
212771,,,,354,687
212805,,,,2357,2528
212832,Gwynedd Mercy University,Gwynedd Valley,PA,1801,2568
212869,Harcum College,Bryn Mawr,PA,752,1140
212878,Harrisburg Area Community College,Harrisburg,PA,7658,19482
212911,Haverford College,Haverford,PA,1494,1474
212975,,,,132,282
212984,Holy Family University,Philadelphia,PA,2743,3673
213011,Immaculata University,Immaculata,PA,2144,3502
213020,Indiana University of Pennsylvania-Main Campus,Indiana,PA,8067,10512
213163,UPMC Jameson School of Nursing,New Castle,PA,335,345
213181,,,,380,407
213233,Johnson College,Scranton,PA,574,715
213251,Juniata College,Huntingdon,PA,1306,1402
213303,Keystone College,La Plume,PA,1116,2014
213321,King's College,Wilkes-Barre,PA,2016,2232
213330,,,,22,42
213349,Kutztown University of Pennsylvania,Kutztown,PA,6813,8245
213358,La Roche University,Pittsburgh,PA,1361,3102
213367,La Salle University,Philadelphia,PA,3147,4680
213376,Lackawanna College,Scranton,PA,2190,4792
213385,Lafayette College,Easton,PA,2820,2796
213400,Lancaster Bible College,Lancaster,PA,1742,3132
213446,,,,34,64
213455,,,,167,509
213473,Lansdale School of Business,North Wales,PA,89,220
213491,,,,47,61
213507,Lebanon Valley College,Annville,PA,2081,2344
213525,Lehigh Carbon Community College,Schnecksville,PA,3723,9052
213534,,,,702,819
213543,Lehigh University,Bethlehem,PA,7357,8067
213570,,,,568,893
213589,,,,419,550
213598,Lincoln University,Lincoln University,PA,1830,1953
213622,UPMC St. Margaret School of Nursing,Pittsburgh,PA,80,102
213631,,,,155,302
213659,Luzerne County Community College,Nanticoke,PA,2620,6271
213668,Lycoming College,Williamsport,PA,1103,1095
213774,Manor College,Jenkintown,PA,417,685
213826,Marywood University,Scranton,PA,2753,3286
213914,Vet Tech Institute,Pittsburgh,PA,324,324
213932,,,,116,181
213987,Mercyhurst University,Erie,PA,2523,2965
213996,Messiah University,Mechanicsburg,PA,3258,3689
214023,,,,14,18
214041,Millersville University of Pennsylvania,Millersville,PA,5967,7961
214069,Misericordia University,Dallas,PA,2151,2376
214111,Montgomery County Community College,Blue Bell,PA,5963,15504
214148,Moore College of Art and Design,Philadelphia,PA,409,418
214157,Moravian University,Bethlehem,PA,2744,3091
214166,Mount Aloysius College,Cresson,PA,1416,3231
214175,Muhlenberg College,Allentown,PA,1995,1938
214272,Neumann University,Aston,PA,1818,2555
214290,,,,676,964
214379,Northampton County Area Community College,Bethlehem,PA,5450,12063
214476,,,,59,62
214528,,,,368,504
214564,,,,1873,1265
214582,Pennsylvania Institute of Technology,Media,PA,521,1405
214591,Pennsylvania State University-Penn State Erie-Behrend College,Erie,PA,3387,3553
214607,,,,152,297
214625,Pennsylvania State University-Penn State New Kensington,New Kensington,PA,427,522
214634,Pennsylvania State University-Penn State Shenango,Sharon,PA,264,399
214643,Pennsylvania State University-Penn State Wilkes-Barre,Dallas,PA,346,377
214652,Pennsylvania State University-Penn State Scranton,Dunmore,PA,836,912
214670,Pennsylvania State University-Penn State Lehigh Valley,Center Valley,PA,917,1068
214689,Pennsylvania State University-Penn State Altoona,Altoona,PA,2490,2573
214698,Pennsylvania State University-Penn State Beaver,Monaca,PA,510,548
214704,Pennsylvania State University-Penn State Berks,Reading,PA,1935,2152
214713,Pennsylvania State University-Penn State Harrisburg,Middletown,PA,4587,5123
214731,Pennsylvania State University-Penn State Brandywine,Media,PA,1179,1321
214740,Pennsylvania State University-Penn State DuBois,DuBois,PA,336,377
214759,Pennsylvania State University-Penn State Fayette- Eberly,Lemont Furnace,PA,420,450
214768,Pennsylvania State University-Penn State Hazleton,Hazleton,PA,526,577
214777,Pennsylvania State University-Main Campus,University Park,PA,52282,53053
214786,Pennsylvania State University-Penn State Greater Allegheny,McKeesport,PA,358,388
214795,Pennsylvania State University-Penn State Mont Alto,Mont Alto,PA,541,655
214801,Pennsylvania State University-Penn State Abington,Abington,PA,3172,3469
214810,Pennsylvania State University-Penn State Schuylkill,Schuylkill Haven,PA,644,747
214829,Pennsylvania State University-Penn State York,York,PA,657,797
214883,Peirce College,Philadelphia,PA,564,1346
214892,Penn Commercial Business/Technical School,Washington,PA,430,438
214944,,,,608,1106
214971,Pennsylvania Academy of the Fine Arts,Philadelphia,PA,140,148
215008,,,,114,89
215044,,,,132,272
215053,Pennsylvania College of Art and Design,Lancaster,PA,310,341
215062,University of Pennsylvania,Philadelphia,PA,27650,32816
215114,Cairn University-Langhorne,Langhorne,PA,1067,1861
215123,,,,3191,3191
215239,Community College of Philadelphia,Philadelphia,PA,8101,17536
215266,University of Pittsburgh-Bradford,Bradford,PA,1239,2249
215275,University of Pittsburgh-Greensburg,Greensburg,PA,1349,1426
215284,University of Pittsburgh-Johnstown,Johnstown,PA,1915,2006
215293,University of Pittsburgh-Pittsburgh Campus,Pittsburgh,PA,31828,36696
215309,University of Pittsburgh-Titusville,Titusville,PA,25,41
215381,Pittsburgh Institute of Aeronautics,West Mifflin,PA,858,948
215390,,,,336,498
215424,,,,111,231
215442,Point Park University,Pittsburgh,PA,3140,4160
215479,,,,56,60
215530,,,,87,119
215585,Reading Area Community College,Reading,PA,2622,6844
215594,Reading Hospital School of Health Sciences,Reading,PA,247,329
215619,,,,47,56
215637,Walnut Hill College,Philadelphia,PA,223,223
215655,Robert Morris University,Moon Township,PA,3868,5581
215682,Rosedale Technical College,Pittsburgh,PA,586,583
215691,Rosemont College,Rosemont,PA,687,951
215743,Saint Francis University,Loretto,PA,2223,3132
215770,Saint Joseph's University - Philadelphia,Philadelphia,PA,6668,7841
215798,Saint Vincent College,Latrobe,PA,1520,1567
215813,,,,84,94
215886,,,,45,104
215929,University of Scranton,Scranton,PA,4657,5253
215947,Seton Hill University,Greensburg,PA,2457,5037
215974,UPMC Shadyside School of Nursing,Pittsburgh,PA,589,779
215992,Laurel Technical Institute,Hermitage,PA,232,243
216010,Shippensburg University of Pennsylvania,Shippensburg,PA,4589,5858
216038,Slippery Rock University of Pennsylvania,Slippery Rock,PA,8465,9586
216047,,,,207,230
216074,,,,359,501
216083,South Hills School of Business & Technology,State College,PA,277,318
216162,,,,331,454
216223,,,,84,94
216278,Susquehanna University,Selinsgrove,PA,2345,2333
216287,Swarthmore College,Swarthmore,PA,1714,1740
216296,Thaddeus Stevens College of Technology,Lancaster,PA,1560,1506
216311,,,,171,123
216339,Temple University,Philadelphia,PA,27694,32591
216348,,,,11,23
216357,Thiel College,Greenville,PA,1099,1081
216366,Thomas Jefferson University,Philadelphia,PA,8576,9512
216436,Triangle Tech Inc-Pittsburgh,Pittsburgh,PA,120,120
216445,Triangle Tech Inc-Greensburg,Greensburg,PA,117,117
216454,Triangle Tech Inc-Dubois,Falls Creek,PA,101,101
216463,,,,93,300
216524,Ursinus College,Collegeville,PA,1485,1519
216542,University of Valley Forge,Phoenixville,PA,533,678
216551,Valley Forge Military College,Wayne,PA,99,112
216579,,,,59,109
216597,Villanova University,Villanova,PA,9801,11176
216630,,,,70,62
216667,Washington & Jefferson College,Washington,PA,1186,1198
216694,Waynesburg University,Waynesburg,PA,1250,1478
216746,,,,49,81
216764,West Chester University of Pennsylvania,West Chester,PA,15785,18762
216773,Western Pennsylvania Hospital School of Nursing,Pittsburgh,PA,141,165
216807,Westminster College,New Wilmington,PA,1273,1301
216816,,,,528,1222
216825,Westmoreland County Community College,Youngwood,PA,2331,5783
216852,Widener University,Chester,PA,5185,6270
216931,Wilkes University,Wilkes-Barre,PA,4031,7059
216940,,,,313,316
217013,Wilson College,Chambersburg,PA,1238,2406
217040,,,,42,42
217059,York College of Pennsylvania,York,PA,3513,4216
217077,,,,769,868
217156,Brown University,Providence,RI,11276,12261
217165,Bryant University,Smithfield,RI,3835,3964
217235,Johnson & Wales University-Providence,Providence,RI,4363,4724
217305,New England Institute of Technology,East Greenwich,RI,2029,2504
217323,,,,1181,1424
217402,Providence College,Providence,RI,4670,5035
217420,Rhode Island College,Providence,RI,5674,10308
217475,Community College of Rhode Island,Warwick,RI,8344,16546
217484,University of Rhode Island,Kingston,RI,16572,20938
217493,Rhode Island School of Design,Providence,RI,2593,2593
217518,Roger Williams University,Bristol,RI,4073,5071
217536,Salve Regina University,Newport,RI,2531,3025
217581,,,,138,221
217606,Northpoint Bible College,Haverhill,MA,110,149
217615,Aiken Technical College,Graniteville,SC,1534,3009
217624,Allen University,Columbia,SC,679,789
217633,Anderson University,Anderson,SC,3848,4964
217688,Charleston Southern University,Charleston,SC,3437,4231
217712,Technical College of the Lowcountry,Beaufort,SC,1493,3339
217721,Benedict College,Columbia,SC,1717,1990
217749,Bob Jones University,Greenville,SC,2635,3494
217776,Southern Wesleyan University,Central,SC,919,1330
217794,,,,87,122
217819,College of Charleston,Charleston,SC,11148,13568
217837,,,,871,2142
217864,Citadel Military College of South Carolina,Charleston,SC,3707,4325
217873,Claflin University,Orangeburg,SC,1807,2116
217882,Clemson University,Clemson,SC,27950,31612
217891,Clinton College,Rock Hill,SC,134,192
217907,Coker University,Hartsville,SC,975,1273
217925,Columbia International University,Columbia,SC,1749,3657
217934,Columbia College,Columbia,SC,1466,2070
217961,Converse University,Spartanburg,SC,1255,1967
217989,Denmark Technical College,Denmark,SC,542,973
217998,Erskine College,Due West,SC,879,1162
218025,Florence-Darlington Technical College,Florence,SC,2352,4669
218061,Francis Marion University,Florence,SC,3111,4565
218070,Furman University,Greenville,SC,2592,2558
218113,Greenville Technical College,Greenville,SC,7301,14377
218140,Horry-Georgetown Technical College,Conway,SC,5534,9846
218159,,,,171,211
218195,,,,152,212
218229,Lander University,Greenwood,SC,3625,4925
218238,Limestone University,Gaffney,SC,1648,2150
218335,,,,3526,3644
218353,Midlands Technical College,West Columbia,SC,6520,12472
218399,Morris College,Sumter,SC,504,516
218414,Newberry College,Newberry,SC,1459,1651
218441,North Greenville University,Tigerville,SC,2079,2557
218487,Orangeburg Calhoun Technical College,Orangeburg,SC,1591,3097
218520,Piedmont Technical College,Greenwood,SC,3607,6714
218539,Presbyterian College,Clinton,SC,1151,1263
218645,University of South Carolina Aiken,Aiken,SC,3209,4746
218654,University of South Carolina Beaufort,Bluffton,SC,1935,2556
218663,University of South Carolina-Columbia,Columbia,SC,37850,39611
218672,University of South Carolina-Lancaster,Lancaster,SC,1447,3314
218681,University of South Carolina-Salkehatchie,Allendale,SC,459,1076
218690,University of South Carolina-Sumter,Sumter,SC,995,2116
218706,University of South Carolina-Union,Union,SC,782,1903
218724,Coastal Carolina University,Conway,SC,10713,11733
218733,South Carolina State University,Orangeburg,SC,2870,3396
218742,University of South Carolina-Upstate,Spartanburg,SC,4202,5855
218751,,,,446,446
218821,Spartanburg Methodist College,Spartanburg,SC,971,1117
218830,Spartanburg Community College,Spartanburg,SC,4426,8393
218858,Central Carolina Technical College,Sumter,SC,2011,4122
218885,Tri-County Technical College,Pendleton,SC,4771,7416
218894,Trident Technical College,Charleston,SC,9580,20307
218919,Voorhees University,Denmark,SC,271,575
218955,,,,419,923
218964,Winthrop University,Rock Hill,SC,4087,5393
218973,Wofford College,Spartanburg,SC,1940,1909
218991,York Technical College,Rock Hill,SC,3392,6553
219000,Augustana University,Sioux Falls,SD,2103,2547
219037,,,,73,104
219046,Black Hills State University,Spearfish,SD,2235,5715
219082,Dakota State University,Madison,SD,2443,5644
219091,Dakota Wesleyan University,Mitchell,SD,771,982
219125,,,,81,80
219143,Lake Area Technical College,Watertown,SD,2062,2769
219189,Mitchell Technical College,Mitchell,SD,1111,1374
219198,Mount Marty University,Yankton,SD,1066,1741
219204,National American University-Rapid City,Rapid City,SD,710,1660
219240,,,,551,1638
219259,Northern State University,Aberdeen,SD,1839,5717
219277,,,,758,1630
219347,South Dakota School of Mines and Technology,Rapid City,SD,2111,2901
219356,South Dakota State University,Brookings,SD,9586,13773
219374,,,,509,1226
219383,University of Sioux Falls,Sioux Falls,SD,1377,1735
219392,,,,54,27
219408,,,,166,332
219426,Southeast Technical College,Sioux Falls,SD,1972,3211
219453,,,,156,216
219471,University of South Dakota,Vermillion,SD,7613,12921
219480,Western Dakota Technical College,Rapid City,SD,743,1461
219505,,,,15,50
219587,,,,64,95
219596,,,,561,518
219602,Austin Peay State University,Clarksville,TN,8095,11853
219639,Baptist Health Sciences University,Memphis,TN,622,1059
219709,Belmont University,Nashville,TN,8965,9421
219718,Bethel University,McKenzie,TN,2632,4547
219790,Bryan College-Dayton,Dayton,TN,1137,2545
219806,Carson-Newman University,Jefferson City,TN,2608,3294
219824,Chattanooga State Community College,Chattanooga,TN,4539,9104
219833,Christian Brothers University,Memphis,TN,1905,2366
219842,,,,217,603
219851,,,,92,136
219879,Cleveland State Community College,Cleveland,TN,2038,3984
219888,Columbia State Community College,Columbia,TN,3592,7056
219903,,,,1356,1677
219949,Cumberland University,Lebanon,TN,2679,3649
219976,Lipscomb University,Nashville,TN,4722,5646
219994,,,,829,1594
220057,Dyersburg State Community College,Dyersburg,TN,1975,4204
220075,East Tennessee State University,Johnson City,TN,12030,15276
220118,Chattanooga College Medical Dental and & Technical Careers,Chattanooga,TN,372,534
220127,,,,861,1935
220163,,,,78,118
220181,Fisk University,Nashville,TN,1015,1039
220206,Welch College,Gallatin,TN,248,443
220215,Freed-Hardeman University,Henderson,TN,1781,2560
220251,,,,387,927
220279,,,,344,1004
220321,,,,565,2045
220394,,,,299,609
220400,,,,2188,4342
220464,John A Gupton College,Nashville,TN,113,199
220473,Johnson University,Knoxville,TN,820,1143
220491,,,,229,362
220516,King University,Bristol,TN,1258,1632
220552,South College,Knoxville,TN,18492,17912
220598,Lane College,Jackson,TN,945,997
220604,Le Moyne-Owen College,Memphis,TN,556,746
220613,Lee University,Cleveland,TN,2932,4264
220631,Lincoln Memorial University,Harrogate,TN,5658,6256
220640,,,,542,1454
220701,The University of Tennessee Southern,Pulaski,TN,893,1090
220710,Maryville College,Maryville,TN,1041,1229
220756,,,,153,226
220765,,,,405,544
220792,,,,1113,1113
220853,,,,1321,2380
220862,University of Memphis,Memphis,TN,16620,25221
220871,,,,93,214
220978,Middle Tennessee State University,Murfreesboro,TN,16792,23561
220996,,,,374,546
221050,,,,725,1185
221096,,,,4057,7636
221102,,,,646,1047
221148,,,,1324,1781
221184,Nashville State Community College,Nashville,TN,4488,9469
221236,,,,907,2826
221281,,,,275,399
221333,,,,395,1074
221351,Rhodes College,Memphis,TN,2057,2072
221397,Roane State Community College,Harriman,TN,3287,6351
221430,,,,613,2063
221485,,,,4189,9607
221494,,,,526,745
221519,The University of the South,Sewanee,TN,1716,1905
221582,,,,272,659
221591,,,,466,1024
221607,,,,387,976
221616,,,,1092,3527
221625,,,,1136,2129
221643,Pellissippi State Community College,Knoxville,TN,5685,11846
221661,Southern Adventist University,Collegedale,TN,2819,4540
221670,,,,548,548
221731,Tennessee Wesleyan University,Athens,TN,1110,1242
221740,The University of Tennessee-Chattanooga,Chattanooga,TN,10584,12635
221759,The University of Tennessee-Knoxville,Knoxville,TN,35177,39187
221768,The University of Tennessee-Martin,Martin,TN,5426,8225
221829,,,,385,490
221838,Tennessee State University,Nashville,TN,6984,9000
221847,Tennessee Technological University,Cookeville,TN,8986,11009
221892,Trevecca Nazarene University,Nashville,TN,2858,4065
221908,Northeast State Community College,Blountville,TN,3624,7069
221953,Tusculum University,Greeneville,TN,1011,1298
221971,Union University,Jackson,TN,2415,3112
221999,Vanderbilt University,Nashville,TN,12384,14360
222053,Volunteer State Community College,Gallatin,TN,4411,8575
222062,,,,3645,7022
222105,,,,393,681
222178,Abilene Christian University,Abilene,TX,4646,5872
222567,Alvin Community College,Alvin,TX,3584,7563
222576,Amarillo College,Amarillo,TX,5735,11886
222628,,,,674,1461
222822,,,,2451,5319
222831,Angelo State University,San Angelo,TX,7902,12798
222877,Arlington Baptist University,Arlington,TX,266,301
222886,,,,366,639
222983,Austin College,Sherman,TX,1131,1188
222992,Austin Community College District,Austin,TX,22935,58468
223001,,,,122,172
223056,,,,67,74
223083,,,,481,841
223117,,,,40,122
223223,,,,1749,1765
223232,Baylor University,Waco,TX,21226,23100
223320,,,,1565,5236
223427,Blinn College District,Brenham,TX,12639,25269
223463,,,,332,372
223472,Vet Tech Institute of Houston,Houston,TX,347,347
223506,Brazosport College,Lake Jackson,TX,2377,5707
223816,Central Texas College,Killeen,TX,5940,13762
223852,,,,77,103
223898,Cisco College,Cisco,TX,1982,3969
223922,Clarendon College,Clarendon,TX,1029,2504
224004,Concordia University Texas,Austin,TX,1498,1995
224013,,,,69,71
224110,North Central Texas College,Gainesville,TX,5107,11587
224147,Texas A & M University-Corpus Christi,Corpus Christi,TX,9696,13368
224156,,,,294,475
224226,Dallas Baptist University,Dallas,TX,3215,4831
224244,Dallas Christian College,Dallas,TX,229,308
224271,Dallas Institute of Funeral Service,Dallas,TX,604,761
224305,,,,2121,3035
224323,University of Dallas,Irving,TX,1896,2506
224350,Del Mar College,Corpus Christi,TX,4584,13517
224527,East Texas Baptist University,Marshall,TX,1568,1970
224545,Texas A&M University-Texarkana,Texarkana,TX,1716,2613
224554,East Texas A&M University,Commerce,TX,8502,14935
224615,Dallas College,Dallas,TX,42088,104064
224642,El Paso Community College,El Paso,TX,13039,43162
224660,,,,826,834
224679,,,,1593,2081
224712,,,,85,116
224758,,,,43,42
224891,Frank Phillips College,Borger,TX,1146,2139
224961,Galveston College,Galveston,TX,1485,2732
225043,,,,22,21
225070,Grayson College,Denison,TX,2254,6120
225201,,,,1094,1123
225247,Hardin-Simmons University,Abilene,TX,1619,1754
225308,Trinity Valley Community College,Athens,TX,3095,7722
225371,Hill College,Hillsboro,TX,2457,5358
225399,Houston Christian University,Houston,TX,3817,5421
225414,University of Houston-Clear Lake,Houston,TX,6608,9882
225423,Houston Community College,Houston,TX,31650,71898
225432,University of Houston-Downtown,Houston,TX,10758,17196
225502,University of Houston-Victoria,Victoria,TX,2844,4784
225511,University of Houston,Houston,TX,38815,51967
225520,Howard College,Big Spring,TX,2074,4997
225548,Howard Payne University,Brownwood,TX,720,961
225575,Huston-Tillotson University,Austin,TX,655,1363
225627,University of the Incarnate Word,San Antonio,TX,6712,8798
225876,,,,365,1175
225885,Jarvis Christian University,Hawkins,TX,837,924
225991,KD Conservatory College of Film and Dramatic Arts,Dallas,TX,108,108
226019,Kilgore College,Kilgore,TX,3626,7998
226091,Lamar University,Beaumont,TX,15474,24003
226107,Lamar State College-Orange,Orange,TX,1954,3975
226116,Lamar State College-Port Arthur,Port Arthur,TX,4179,4664
226134,Laredo College,Laredo,TX,10564,13252
226152,Texas A & M International University,Laredo,TX,7369,10140
226204,Lee College,Baytown,TX,4863,10831
226231,LeTourneau University,Longview,TX,2073,4180
226277,,,,1585,2138
226383,Lubbock Christian University,Lubbock,TX,1339,1772
226408,College of the Mainland,Texas City,TX,3130,6409
226471,University of Mary Hardin-Baylor,Belton,TX,3231,3804
226578,McLennan Community College,Waco,TX,4809,11551
226587,McMurry University,Abilene,TX,1421,3183
226675,,,,309,492
226806,Midland College,Midland,TX,3210,7641
226833,Midwestern State University,Wichita Falls,TX,4402,6495
226860,,,,52,86
226879,Wade College,Dallas,TX,208,272
226903,,,,977,1557
227058,,,,92,164
227146,Navarro College,Corsicana,TX,4273,8126
227182,Lone Star College System,The Woodlands,TX,48428,107793
227216,University of North Texas,Denton,TX,39564,52668
227225,Northeast Texas Community College,Mount Pleasant,TX,2075,5132
227289,,,,145,221
227298,,,,226,329
227304,Odessa College,Odessa,TX,4986,12729
227313,,,,289,607
227322,,,,383,817
227331,Our Lady of the Lake University,San Antonio,TX,1736,2425
227368,The University of Texas Rio Grande Valley,Edinburg,TX,28008,40284
227377,Texas Southmost College,Brownsville,TX,4679,11055
227386,Panola College,Carthage,TX,1605,3123
227401,Paris Junior College,Paris,TX,2961,6457
227429,Paul Quinn College,Dallas,TX,565,776
227526,Prairie View A & M University,Prairie View,TX,8949,11004
227687,Ranger College,Ranger,TX,1514,3063
227748,Aviation Institute of Maintenance-Houston,Houston,TX,414,478
227757,Rice University,Houston,TX,9107,9166
227845,Saint Edward's University,Austin,TX,2964,3571
227854,St Philip's College,San Antonio,TX,6627,23516
227863,University of St Thomas,Houston,TX,3454,4469
227881,Sam Houston State University,Huntsville,TX,19127,23694
227924,San Antonio College,San Antonio,TX,10092,29125
227979,San Jacinto Community College,Pasadena,TX,13938,43405
228042,Schreiner University,Kerrville,TX,1267,1441
228088,,,,25,50
228149,St. Mary's University,San Antonio,TX,3167,3740
228158,South Plains College,Levelland,TX,5930,12861
228185,,,,25,29
228194,,,,944,1093
228200,,,,689,759
228219,,,,716,874
228246,Southern Methodist University,Dallas,TX,11136,12900
228282,,,,87,88
228316,Southwest Texas College,Uvalde,TX,3764,7652
228325,Nelson University,Waxahachie,TX,1545,2122
228343,Southwestern University,Georgetown,TX,1505,1492
228431,Stephen F Austin State University,Nacogdoches,TX,9331,12240
228459,Texas State University,San Marcos,TX,33600,42138
228468,Southwestern Adventist University,Keene,TX,614,918
228486,,,,57,145
228501,Sul Ross State University,Alpine,TX,1574,2746
228529,Tarleton State University,Stephenville,TX,13163,17719
228547,Tarrant County College District,Fort Worth,TX,27448,64887
228608,Temple College,Temple,TX,3182,6398
228635,,,,2298,2798
228644,,,,4029,4344
228653,,,,3527,4030
228699,Texarkana College,Texarkana,TX,2116,4731
228705,Texas A&M University-Kingsville,Kingsville,TX,5487,7468
228723,Texas A&M University-College Station,College Station,TX,66396,81239
228769,The University of Texas at Arlington,Arlington,TX,38880,53946
228778,The University of Texas at Austin,Austin,TX,48496,56150
228787,The University of Texas at Dallas,Richardson,TX,26577,33405
228796,The University of Texas at El Paso,El Paso,TX,19898,28591
228802,The University of Texas at Tyler,Tyler,TX,8259,11795
228866,,,,287,288
228875,Texas Christian University,Fort Worth,TX,12512,13345
228884,Texas College,Tyler,TX,648,846
228909,,,,2578,2611
228981,Texas Lutheran University,Seguin,TX,1583,1522
229018,The University of Texas Permian Basin,Odessa,TX,4509,7372
229027,The University of Texas at San Antonio,San Antonio,TX,29554,39266
229063,Texas Southern University,Houston,TX,7738,9393
229115,Texas Tech University,Lubbock,TX,38972,43738
229160,Texas Wesleyan University,Fort Worth,TX,2239,2936
229179,Texas Woman's University,Denton,TX,14293,19542
229267,Trinity University,San Antonio,TX,2660,2754
229300,,,,4791,5855
229337,,,,6477,6999
229355,Tyler Junior College,Tyler,TX,8386,16068
229416,,,,2605,2694
229425,,,,168,226
229504,Vernon College,Vernon,TX,1375,2823
229522,,,,70,102
229540,Victoria College,Victoria,TX,1758,4106
229656,,,,350,603
229780,Wayland Baptist University,Plainview,TX,2178,3712
229799,Weatherford College,Weatherford,TX,3768,7218
229814,West Texas A & M University,Canyon,TX,7469,10529
229832,Western Texas College,Snyder,TX,1049,3155
229841,Wharton County Junior College,Wharton,TX,3832,7352
229887,Wiley University,Marshall,TX,724,747
230010,,,,940,2768
230038,Brigham Young University,Provo,UT,35102,39598
230047,Brigham Young University-Hawaii,Laie,HI,3384,3410
230065,,,,264,516
230144,,,,133,128
230162,,,,1938,5937
230171,Utah Tech University,Saint George,UT,9046,15410
230199,,,,96,97
230205,,,,81,81
230214,,,,228,391
230366,Eagle Gate College-Murray,Murray,UT,341,490
230418,,,,4332,11286
230490,,,,1543,5014
230597,Snow College,Ephraim,UT,3877,6433
230603,Southern Utah University,Cedar City,UT,12522,22495
230676,,,,210,1761
230728,Utah State University,Logan,UT,22671,33665
230737,Utah Valley University,Orem,UT,31717,55735
230746,Salt Lake Community College,Salt Lake City,UT,14616,36898
230764,University of Utah,Salt Lake City,UT,33112,41068
230782,Weber State University,Ogden,UT,19256,38054
230807,Westminster University,Salt Lake City,UT,1219,1432
230816,Bennington College,Bennington,VT,899,943
230852,Champlain College,Burlington,VT,2920,4558
230861,Community College of Vermont,Montpelier,VT,2619,9462
230959,Middlebury College,Middlebury,VT,3179,4726
230995,Norwich University,Northfield,VT,2989,5186
231004,,,,134,180
231059,Saint Michael's College,Colchester,VT,1512,2121
231068,,,,779,1642
231095,Sterling College,Craftsbury Common,VT,74,103
231147,,,,609,824
231165,Vermont State University,Randolph,VT,3965,7131
231174,University of Vermont,Burlington,VT,13854,16086
231280,,,,172,199
231411,Advanced Technology Institute,Virginia Beach,VA,379,657
231420,Averett University,Danville,VA,1308,1762
231536,Blue Ridge Community College,Weyers Cave,VA,2194,5072
231554,Bluefield University,Bluefield,VA,874,1210
231581,Bridgewater College,Bridgewater,VA,1450,1501
231624,William & Mary,Williamsburg,VA,9434,10868
231651,Regent University,Virginia Beach,VA,7785,13591
231688,,,,24,40
231697,Central Virginia Community College,Lynchburg,VA,2135,4570
231712,Christopher Newport University,Newport News,VA,4386,4642
231785,Bryant & Stratton College-Virginia Beach,Virginia Beach,VA,1078,2239
231873,Mountain Gateway Community College,Clifton Forge,VA,560,1292
231882,Danville Community College,Danville,VA,1549,3307
231970,,,,1351,1430
232016,,,,22,28
232025,Emory & Henry University,Emory,VA,1551,1490
232043,Eastern Mennonite University,Harrisonburg,VA,1043,1580
232052,,,,446,979
232089,Ferrum College,Ferrum,VA,865,979
232186,George Mason University,Fairfax,VA,33562,48495
232195,Germanna Community College,Locust Grove,VA,4931,10987
232256,Hampden-Sydney College,Hampden-Sydney,VA,905,899
232265,Hampton University,Hampton,VA,3878,4278
232308,Hollins University,Roanoke,VA,770,956
232414,J Sargeant Reynolds Community College,Richmond,VA,4987,11082
232423,James Madison University,Harrisonburg,VA,21770,24589
232450,Brightpoint Community College,Chester,VA,4928,12096
232557,Liberty University,Lynchburg,VA,87775,143337
232566,Longwood University,Farmville,VA,4153,6157
232575,Laurel Ridge Community College,Middletown,VA,3517,7789
232609,University of Lynchburg,Lynchburg,VA,2708,3208
232618,Centra College,Lynchburg,VA,158,290
232672,Mary Baldwin University,Staunton,VA,1691,2145
232681,University of Mary Washington,Fredericksburg,VA,3400,4307
232706,Marymount University,Arlington,VA,2986,4459
232724,,,,20,48
232788,,,,1414,2654
232797,American National University,Salem,VA,913,1291
232867,New River Community College,Dublin,VA,2533,5907
232885,,,,343,425
232919,Tidewater Tech-Trades,Norfolk,VA,1147,1434
232937,Norfolk State University,Norfolk,VA,5453,6560
232946,Northern Virginia Community College,Annandale,VA,29731,73320
232982,Old Dominion University,Norfolk,VA,18643,26280
233019,,,,1453,2425
233037,Paul D Camp Community College,Franklin,VA,721,1650
233082,,,,89,172
233116,Piedmont Virginia Community College,Charlottesville,VA,2731,6578
233277,Radford University,Radford,VA,6804,8695
233286,,,,167,276
233295,Randolph-Macon College,Ashland,VA,1480,1582
233301,Randolph College,Lynchburg,VA,709,913
233310,,,,1611,3519
233329,Fortis College-Norfolk,Norfolk,VA,643,643
233338,Richard Bland College,South Prince George,VA,1368,2955
233356,,,,480,637
233374,University of Richmond,University of Richmond,VA,4028,4451
233408,Riverside College of Health Careers,Newport News,VA,311,467
233426,Roanoke College,Salem,VA,2030,1985
233480,,,,30,31
233541,Shenandoah University,Winchester,VA,4236,5036
233602,,,,73,78
233611,Southern Virginia University,Buena Vista,VA,940,1055
233639,,,,1997,4301
233648,,,,1721,3200
233666,,,,25,32
233684,Strayer University-Virginia,Arlington,VA,1828,3563
233718,Sweet Briar College,Sweet Briar,VA,468,469
233754,Virginia Peninsula Community College,Hampton,VA,3723,9012
233772,Tidewater Community College,Norfolk,VA,10165,23141
233842,,,,156,194
233897,University of Virginia's College at Wise,Wise,VA,1639,3050
233903,,,,1286,2656
233921,Virginia Polytechnic Institute and State University,Blacksburg,VA,39113,40548
233949,Virginia Western Community College,Roanoke,VA,3521,8439
234030,Virginia Commonwealth University,Richmond,VA,26142,30974
234076,University of Virginia-Main Campus,Charlottesville,VA,27142,29758
234085,Virginia Military Institute,Lexington,VA,1736,1589
234119,,,,185,232
234137,Virginia University of Lynchburg,Lynchburg,VA,722,1063
234155,Virginia State University,Petersburg,VA,4578,6003
234164,Virginia Union University,Richmond,VA,1586,1863
234173,Virginia Wesleyan University,Virginia Beach,VA,1444,1881
234207,Washington and Lee University,Lexington,VA,2267,2282
234377,Wytheville Community College,Wytheville,VA,1422,2726
234669,Bellevue College,Bellevue,WA,9890,18469
234696,Bellingham Technical College,Bellingham,WA,1463,2758
234711,Big Bend Community College,Moses Lake,WA,1562,2421
234827,Central Washington University,Ellensburg,WA,9831,20461
234845,,,,1877,3293
234915,,,,1584,3107
234924,,,,342,457
234933,Clark College,Vancouver,WA,5424,9732
234951,Clover Park Technical College,Lakewood,WA,2970,4898
234979,Columbia Basin College,Pasco,WA,5466,8985
235024,Cornish College of the Arts,Seattle,WA,440,519
235088,,,,464,464
235097,Eastern Washington University,Cheney,WA,9903,18373
235103,Edmonds College,Lynnwood,WA,4852,11272
235149,Everett Community College,Everett,WA,6112,13611
235167,The Evergreen State College,Olympia,WA,2210,2925
235237,Pierce College District,Lakewood,WA,6484,10595
235316,Gonzaga University,Spokane,WA,7447,8151
235334,Grays Harbor College,Aberdeen,WA,1394,2284
235343,Green River College,Auburn,WA,6689,10085
235352,,,,150,214
235422,Heritage University,Toppenish,WA,758,950
235431,Highline College,Des Moines,WA,4176,7560
235501,,,,325,345
235547,,,,639,890
235671,,,,3493,6309
235699,Lake Washington Institute of Technology,Kirkland,WA,2401,4570
235750,Lower Columbia College,Longview,WA,1861,3420
236018,,,,57,90
236072,North Seattle College,Seattle,WA,3160,8134
236133,Northwest University,Kirkland,WA,916,1072
236188,Olympic College,Bremerton,WA,4468,7866
236212,,,,1214,1463
236230,Pacific Lutheran University,Tacoma,WA,2884,3126
236258,Peninsula College,Port Angeles,WA,1390,2744
236328,University of Puget Sound,Tacoma,WA,1770,2006
236382,Renton Technical College,Renton,WA,2026,4932
236452,Saint Martin's University,Lacey,WA,1394,1745
236504,,,,3373,7797
236513,Seattle Central College,Seattle,WA,4200,8613
236577,Seattle Pacific University,Seattle,WA,2407,2936
236595,Seattle University,Seattle,WA,6228,7981
236610,Shoreline Community College,Shoreline,WA,3347,6932
236638,Skagit Valley College,Mount Vernon,WA,3042,6279
236656,South Puget Sound Community College,Olympia,WA,3760,6701
236692,Spokane Community College,Spokane,WA,5113,9669
236708,Spokane Falls Community College,Spokane,WA,3285,5444
236744,,,,56,90
236753,Tacoma Community College,Tacoma,WA,4995,8673
236887,Walla Walla Community College,Walla Walla,WA,2580,4328
236896,Walla Walla University,College Place,WA,1348,1727
236939,Washington State University,Pullman,WA,25104,29708
236948,University of Washington-Seattle Campus,Seattle,WA,51595,60215
236975,Wenatchee Valley College,Wenatchee,WA,2309,3615
237011,Western Washington University,Bellingham,WA,13210,16137
237039,Whatcom Community College,Bellingham,WA,2643,4949
237057,Whitman College,Walla Walla,WA,1512,1598
237066,Whitworth University,Spokane,WA,2329,2497
237109,Yakima Valley College,Yakima,WA,3034,5189
237127,,,,56,65
237136,Appalachian Bible College,Mount Hope,WV,202,258
237145,,,,31,31
237172,,,,120,122
237181,Bethany College,Bethany,WV,673,688
237215,Bluefield State University,Bluefield,WV,1022,1428
237242,,,,67,108
237303,,,,77,95
237312,University of Charleston,Charleston,WV,3332,3978
237321,,,,74,94
237330,Concord University,Athens,WV,1768,2192
237358,Davis & Elkins College,Elkins,WV,734,781
237367,Fairmont State University,Fairmont,WV,2741,3749
237385,Glenville State University,Glenville,WV,1309,2006
237437,Huntington Junior College,Huntington,WV,229,327
237473,,,,133,152
237491,,,,23,29
237525,Marshall University,Huntington,WV,10091,12769
237543,,,,115,109
237561,,,,70,70
237570,,,,123,127
237686,West Virginia University at Parkersburg,Parkersburg,WV,1736,3168
237701,Potomac State College of West Virginia University,Keyser,WV,965,1383
237729,,,,116,216
237783,Salem University,Salem,WV,959,1400
237792,Shepherd University,Shepherdstown,WV,2643,3834
237817,Southern West Virginia Community and Technical College,Logan,WV,1136,1724
237844,,,,90,130
237880,,,,798,798
237899,West Virginia State University,Institute,WV,1995,4312
237905,,,,61,61
237932,West Liberty University,West Liberty,WV,1940,2638
237950,West Virginia University Institute of Technology,Beckley,WV,1119,1632
237969,West Virginia Wesleyan College,Buckhannon,WV,968,1055
237987,West Virginia Junior College-Charleston,Cross Lanes,WV,302,471
237996,West Virginia Junior College-Morgantown,Morgantown,WV,607,912
238005,,,,112,117
238014,West Virginia Northern Community College,Wheeling,WV,916,2035
238032,West Virginia University,Morgantown,WV,24886,27150
238078,Wheeling University,Wheeling,WV,782,878
238096,,,,30,27
238175,,,,148,185
238193,Alverno College,Milwaukee,WI,1516,2104
238263,Madison Area Technical College,Madison,WI,7071,17845
238324,Bellin College,Green Bay,WI,622,1067
238333,Beloit College,Beloit,WI,1026,1080
238397,Blackhawk Technical College,Janesville,WI,1812,5464
238458,Carroll University,Waukesha,WI,3153,3310
238476,Carthage College,Kenosha,WI,2981,2897
238616,Concordia University-Wisconsin,Mequon,WI,4405,6740
238661,Edgewood College,Madison,WI,1873,2538
238722,Fox Valley Technical College,Appleton,WI,5005,17383
238759,Gateway Technical College,Kenosha,WI,4531,14718
238810,,,,80,103
238980,Lakeland University,Plymouth,WI,1499,3611
239008,Lakeshore Technical College,Cleveland,WI,1256,4483
239017,Lawrence University,Appleton,WI,1488,1483
239071,Maranatha Baptist University,Watertown,WI,770,1534
239080,Marian University,Fond Du Lac,WI,1138,1758
239105,Marquette University,Milwaukee,WI,11069,12327
239169,,,,1653,1699
239220,Mid-State Technical College,Wisconsin Rapids,WI,1769,5954
239248,Milwaukee Area Technical College,Milwaukee,WI,7878,21265
239309,Milwaukee Institute of Art & Design,Milwaukee,WI,866,915
239318,Milwaukee School of Engineering,Milwaukee,WI,2725,2973
239372,Moraine Park Technical College,Fond du Lac,WI,2172,7953
239390,Mount Mary University,Milwaukee,WI,1108,1447
239424,,,,88,151
239442,Nicolet Area Technical College,Rhinelander,WI,575,1876
239460,Northcentral Technical College,Wausau,WI,2934,9621
239488,Northeast Wisconsin Technical College,Green Bay,WI,5145,15130
239512,Northland College,Ashland,WI,461,502
239628,Ripon College,Ripon,WI,779,762
239637,,,,128,144
239716,Saint Norbert College,De Pere,WI,1962,2317
239877,,,,42,86
239910,Southwest Wisconsin Technical College,Fennimore,WI,1256,3539
240107,Viterbo University,La Crosse,WI,1945,2754
240116,Chippewa Valley Technical College,Eau Claire,WI,4381,12848
240125,Waukesha County Technical College,Pewaukee,WI,3468,11044
240170,Western Technical College,La Crosse,WI,2618,5304
240189,University of Wisconsin-Whitewater,Whitewater,WI,10129,13427
240198,Northwood Technical College,Rice Lake,WI,1786,5271
240213,,,,87,91
240268,University of Wisconsin-Eau Claire,Eau Claire,WI,9062,10928
240277,University of Wisconsin-Green Bay,Green Bay,WI,6864,12903
240329,University of Wisconsin-La Crosse,La Crosse,WI,9990,11038
240338,Wisconsin Lutheran College,Milwaukee,WI,1055,1313
240365,University of Wisconsin-Oshkosh,Oshkosh,WI,8498,16064
240374,University of Wisconsin-Parkside,Kenosha,WI,3220,4925
240392,Herzing University-Madison,Madison,WI,4789,8191
240417,University of Wisconsin-Stout,Menomonie,WI,5914,7818
240426,University of Wisconsin-Superior,Superior,WI,2249,3367
240444,University of Wisconsin-Madison,Madison,WI,46550,53774
240453,University of Wisconsin-Milwaukee,Milwaukee,WI,19220,26166
240462,University of Wisconsin-Platteville,Platteville,WI,5877,7393
240471,University of Wisconsin-River Falls,River Falls,WI,4386,5682
240480,University of Wisconsin-Stevens Point,Stevens Point,WI,7387,9050
240505,Casper College,Casper,WY,2192,4582
240514,Central Wyoming College,Riverton,WY,1030,2593
240596,Eastern Wyoming College,Torrington,WY,778,1864
240620,Laramie County Community College,Cheyenne,WY,2514,5681
240657,Northwest College,Powell,WY,910,1724
240666,Northern Wyoming Community College District,Sheridan,WY,1852,4087
240693,Western Wyoming Community College,Rock Springs,WY,1364,3279
240709,,,,49,57
240718,,,,2310,1460
240727,University of Wyoming,Laramie,WY,9385,12323
240736,,,,815,1401
240745,,,,995,1838
240754,University of Guam,Mangilao,GU,2399,3289
240790,,,,1056,1457
240879,,,,333,342
241146,,,,401,401
241182,,,,384,461
241191,Universidad Adventista de las Antillas,Mayaguez,PR,825,1090
241216,Atlantic University,Guaynabo,PR,981,1783
241225,Universidad Central de Bayamon,BayamÃ³n,PR,547,906
241304,Columbia Central University-Caguas,Caguas,PR,3007,3780
241331,Albizu University-San Juan,San Juan,PR,2938,3076
241377,Caribbean University-Bayamon,Bayamon,PR,1009,1663
241386,Caribbean University-Carolina,Carolina,PR,120,224
241395,Pontifical Catholic University of Puerto Rico-Arecibo,Arecibo,PR,465,728
241410,Pontifical Catholic University of Puerto Rico-Ponce,Ponce,PR,4970,6041
241517,CEM College-San Juan,San Juan,PR,294,294
241614,Universidad Teologica del Caribe,Trujillo Alto,PR,134,394
241720,,,,439,643
241739,Universidad Ana G. Mendez-Cupey Campus,San Juan,PR,4617,7147
241766,Puerto Rico Conservatory of Music,San Juan,PR,254,331
241793,,,,67,388
241836,EDP University of Puerto Rico Inc-San Sebastian,San Sebastian,PR,1228,1637
241906,,,,186,296
241951,,,,376,536
242042,,,,266,307
242112,Huertas College,Caguas,PR,700,860
242121,,,,194,301
242130,,,,362,517
242149,,,,436,640
242556,,,,249,296
242583,,,,148,206
242617,Inter American University of Puerto Rico-San German,San German,PR,3266,3495
242626,Inter American University of Puerto Rico-Aguadilla,Aguadilla,PR,3481,3688
242635,Inter American University of Puerto Rico-Arecibo,Arecibo,PR,2732,3105
242644,Inter American University of Puerto Rico-Barranquitas,Barranquitas,PR,1124,1164
242653,Inter American University of Puerto Rico-Metro,San Juan,PR,4139,5210
242662,Inter American University of Puerto Rico-Ponce,Mercedita,PR,2844,3431
242680,Inter American University of Puerto Rico-Fajardo,Fajardo,PR,1265,1462
242699,Inter American University of Puerto Rico-Guayama,Guayama,PR,2100,2252
242705,Inter American University of Puerto Rico-Bayamon,Bayamon,PR,3741,3921
242723,,,,663,746
242820,Liceo de Arte y Tecnologia,San Juan,PR,557,696
242945,,,,282,272
242954,,,,93,93
242972,NUC University,Bayamon,PR,23869,41015
243081,,,,885,896
243106,University of Puerto Rico-Aguadilla,Aguadilla,PR,1911,2020
243115,University of Puerto Rico-Arecibo,Arecibo,PR,2662,3019
243133,University of Puerto Rico-Bayamon,Bayamon,PR,2849,3027
243142,University of Puerto Rico-Carolina,Carolina,PR,1772,3116
243151,University of Puerto Rico at Cayey,Cayey,PR,1766,2271
243179,University of Puerto Rico-Humacao,Humacao,PR,2553,2920
243188,University of Puerto Rico-Utuado,Utuado,PR,303,348
243197,University of Puerto Rico-Mayaguez,Mayaguez,PR,9371,11239
243203,,,,1892,1982
243212,University of Puerto Rico at Ponce,Ponce,PR,2322,2464
243221,University of Puerto Rico-Rio Piedras,San Juan,PR,9020,15593
243346,Universidad Ana G. Mendez-Carolina Campus,Carolina,PR,3798,6080
243443,Universidad del Sagrado Corazon,Santurce,PR,4130,5576
243498,,,,72,162
243568,Universidad Central Del Caribe,Bayamon,PR,554,579
243577,Universidad Politecnica de Puerto Rico,Hato Rey,PR,4117,5342
243586,Pontifical Catholic University of Puerto Rico-Mayaguez,Mayaguez,PR,624,797
243601,Universidad Ana G. Mendez-Gurabo Campus,Gurabo,PR,7652,11122
243638,,,,1502,2437
243647,,,,300,476
243665,University of the Virgin Islands,Charlotte Amalie,VI,1385,2045
243744,Stanford University,Stanford,CA,18899,21132
243780,Purdue University-Main Campus,West Lafayette,IN,51465,57417
243799,,,,38,38
243823,Parker University,Dallas,TX,2494,2978
243832,EDP University of Puerto Rico Inc-San Juan,San Juan,PR,1464,2138
243841,,,,493,755
244233,City College-Hollywood,Hollywood,FL,538,623
244279,,,,112,181
244437,Georgia State University-Perimeter College,Atlanta,GA,10442,20682
244446,Georgia Piedmont Technical College,Clarkston,GA,1873,4327
244613,,,,624,620
245281,,,,143,155
245625,Warren County Community College,Washington,NJ,1156,3488
245652,,,,513,542
245777,,,,123,123
245838,,,,1071,1251
245847,,,,298,376
245865,,,,983,1243
245883,,,,715,1069
245892,,,,382,674
245953,Mid-America Christian University,Oklahoma City,OK,1833,2916
245962,,,,612,507
245980,,,,61,61
245999,,,,1595,2989
246017,,,,671,1703
246035,,,,301,485
246071,,,,98,121
246354,Palo Alto College,San Antonio,TX,5436,17966
246415,,,,32,93
246460,,,,114,253
246789,,,,71,165
246813,,,,2330,5634
246895,,,,367,814
246974,,,,430,647
247010,,,,58,73
247047,,,,104,183
247065,Beckfield College-Florence,Florence,KY,500,1084
247153,Dorsey College-Wayne,Wayne,MI,189,476
247162,,,,51,90
247409,,,,124,124
247603,Sussex County Community College,Newton,NJ,1693,3397
247649,Landmark College,Putney,VT,448,984
247773,,,,73,73
247834,Collin County Community College District,McKinney,TX,24661,53613
247940,Owensboro Community and Technical College,Owensboro,KY,2521,6097
248192,,,,20,39
248527,,,,92,136
248606,,,,779,1298
248624,,,,96,86
248633,,,,49,75
248660,,,,119,156
248703,,,,189,453
248925,,,,907,1615
248934,ECPI University,Virginia Beach,VA,14208,17843
249061,,,,70,103
249238,,,,334,520
249609,Fortis Institute-Forty Fort,Forty Fort,PA,214,214
250027,Laurel Business Institute,Uniontown,PA,679,688
250285,Aviation Institute of Maintenance-Philadelphia,Philadelphia,PA,481,555
250744,Dorsey College-Roseville,Roseville,MI,469,1010
250902,,,,79,117
250993,,,,274,554
251260,Southern Union State Community College,Wadley,AL,3669,6580
251312,South University-Columbia,Columbia,SC,528,862
260363,,,,22,19
260372,,,,139,308
260664,,,,199,509
260691,,,,1038,1126
260789,Platt College-Los Angeles,Alhambra,CA,616,916
260813,,,,299,299
260929,,,,198,279
260965,,,,112,153
261436,,,,1046,1426
261676,,,,49,64
261685,,,,56,56
261719,,,,343,544
261773,,,,58,37
262031,St Charles Community College,Cottleville,MO,4375,8377
262086,University of Massachusetts Global,Aliso Viejo,CA,6901,14135
262129,New College of Florida,Sarasota,FL,804,808
262165,,,,36,52
262341,,,,1388,957
262369,,,,114,119
262457,,,,587,770
262466,,,,16,44
362700,,,,205,373
363013,,,,55,55
363147,,,,461,639
363165,,,,951,1543
363633,,,,448,1081
363679,,,,382,392
363712,,,,71,71
363882,,,,84,140
363907,Caribbean University-Ponce,Ponce,PR,535,869
363916,Caribbean University-Vega Baja,Vega Baja,PR,199,327
363934,University of Advancing Technology,Tempe,AZ,949,1382
364016,Paradise Valley Community College,Phoenix,AZ,3216,9614
364025,Chandler-Gilbert Community College,Chandler,AZ,7310,19870
364548,,,,271,383
364575,,,,28,28
364627,,,,253,446
364636,,,,141,255
364760,,,,50,64
364946,,,,260,396
364964,,,,21,21
365091,,,,143,493
365125,,,,190,362
365198,,,,448,695
365213,,,,536,744
365240,,,,22,22
365374,,,,1505,2181
365383,,,,120,124
365480,,,,565,956
365505,,,,20,21
365693,,,,247,287
365763,,,,41,54
365824,,,,184,184
365833,,,,192,192
366003,,,,263,511
366155,,,,38,48
366191,,,,1714,1653
366252,Pennsylvania College of Technology,Williamsport,PA,3825,6542
366261,Commonwealth Institute of Funeral Service,Houston,TX,526,599
366270,,,,431,442
366340,,,,215,461
366368,,,,113,113
366395,Suffolk County Community College,Selden,NY,12303,25431
366401,,,,4846,11170
366465,Ogeechee Technical College,Statesboro,GA,1634,3239
366535,Remington College-Mobile Campus,Mobile,AL,328,358
366553,Southern Technical College,Fort Myers,FL,923,1540
366571,,,,34,22
366623,,,,229,284
366711,California State University-San Marcos,San Marcos,CA,13645,16826
367088,,,,145,191
367103,Interactive College of Technology-Newport,Newport,KY,138,138
367112,,,,105,155
367158,,,,104,104
367361,Interactive College of Technology,Houston,TX,95,95
367431,,,,25,37
367459,NorthWest Arkansas Community College,Bentonville,AR,4720,11290
367875,,,,690,2274
367954,,,,4836,5544
367972,Capital Area Career Center,Springfield,IL,232,358
367981,,,,78,116
368230,,,,132,222
368364,,,,285,413
368407,,,,44,44
368452,Nossi College of Art and Design,Nashville,TN,323,342
368629,,,,604,719
368647,,,,24,33
368771,,,,381,859
368832,,,,44,83
368911,Southeastern Technical College,Vidalia,GA,1083,2602
369002,,,,291,349
369400,,,,2436,2609
369419,,,,2072,2072
369446,,,,63,102
369455,Worsham College of Mortuary Science,Wheeling,IL,138,394
369516,Bryan University,Springfield,MO,237,280
369668,,,,190,215
369686,,,,317,413
369783,,,,441,493
369950,,,,91,241
371052,,,,480,480
371690,,,,508,1605
371830,,,,135,179
371928,,,,76,200
371964,,,,389,775
372028,,,,60,144
372073,,,,280,268
372082,,,,63,136
372240,,,,43,69
372329,,,,273,727
372356,,,,221,315
372462,,,,66,143
372921,Fortis College-Smyrna,Smyrna,GA,921,921
373085,,,,57,57
373216,,,,171,265
373456,,,,34,35
373526,,,,221,575
373678,,,,139,268
373696,,,,118,188
373711,,,,105,85
373784,,,,1161,1161
374024,,,,218,302
374316,,,,88,116
374343,,,,80,98
374574,,,,679,1284
374592,,,,39,67
375230,,,,229,232
375373,,,,96,204
375407,,,,90,137
375416,Remington College-Cleveland Campus,Cleveland,OH,218,266
375568,,,,66,156
375656,,,,115,194
375683,,,,631,934
375726,,,,2608,2765
375939,,,,122,176
375966,,,,139,233
375984,,,,260,478
376224,CEM College-Humacao,Humacao,PR,260,260
376242,,,,214,273
376288,,,,173,176
376330,,,,203,258
376385,,,,307,538
376446,,,,69,161
376631,,,,22,29
376677,,,,121,157
376695,,,,973,1450
377111,Remington College-Fort Worth Campus,North Richland Hills,TX,272,302
377193,,,,27,46
377218,,,,144,135
377272,,,,18,29
377281,,,,95,96
377315,,,,111,171
377449,Centura College-Newport News,Newport News,VA,367,500
377458,Centura College-Norfolk,Norfolk,VA,375,511
377485,,,,50,63
377546,Northwest College of Art & Design,Tacoma,WA,166,171
377555,University of Washington-Bothell Campus,Bothell,WA,5437,6884
377564,University of Washington-Tacoma Campus,Tacoma,WA,4560,5651
377643,,,,127,165
377652,,,,244,270
377661,,,,741,1047
377722,,,,417,608
377759,,,,120,243
378105,,,,725,859
378576,Pacific College of Health and Science,San Diego,CA,673,1391
378886,,,,334,556
378956,,,,862,940
379621,,,,84,112
379746,,,,692,893
379782,,,,229,428
380067,,,,92,304
380359,,,,426,824
380368,Fond du Lac Tribal and Community College,Cloquet,MN,815,2106
380377,,,,585,1014
380438,Provo College,Provo,UT,762,915
381255,,,,84,125
381282,,,,71,142
381325,,,,123,209
381352,,,,112,106
381370,,,,168,376
381404,,,,312,682
381459,,,,176,411
381486,,,,13,26
381699,,,,47,52
381732,Colorado School of Healing Arts,Lakewood,CO,48,113
382258,,,,85,231
382416,,,,94,82
382461,,,,52,59
382780,,,,133,160
382911,Southwest College for the Deaf,Big Spring,TX,42,73
382957,Fortis College-Richmond,Richmond,VA,748,754
383020,,,,51,59
383084,,,,579,768
383163,,,,91,236
383190,Hawaii Community College,Hilo,HI,1144,3316
383279,,,,154,293
383297,,,,176,367
383312,,,,53,82
383330,,,,113,175
383367,,,,198,200
383464,,,,109,233
383525,,,,67,67
383765,,,,158,258
383996,Eastern New Mexico University Ruidoso Branch Community College,Ruidoso,NM,388,1070
384236,,,,1318,1647
384245,,,,1491,1864
384254,Beacon College,Leesburg,FL,476,592
384306,,,,166,177
384333,Estrella Mountain Community College,Avondale,AZ,5208,13827
384342,Heartland Community College,Normal,IL,3093,7665
384412,University of the Potomac-Washington DC Campus,Washington,DC,927,1378
384421,,,,99,99
385132,,,,109,190
385415,,,,1148,1491
385503,Fortis Institute-Scranton,Scranton,PA,385,385
385619,Everglades University,Boca Raton,FL,2424,3413
386153,,,,373,373
386472,Herzing University-Orlando,Winter Park,FL,860,1337
387925,,,,134,166
388520,College of Biblical Studies-Houston,Houston,TX,286,694
389860,,,,151,449
390905,,,,173,284
391005,,,,139,233
391759,,,,30,30
392257,,,,4219,5773
392354,,,,19,19
392415,,,,649,649
393649,,,,1992,2490
393861,,,,331,793
395362,,,,965,2170
395690,,,,274,459
397942,,,,1357,1696
399212,Santiago Canyon College,Orange,CA,5972,18581
399869,Southern California Institute of Technology,Anaheim,CA,832,838
399911,Soka University of America,Aliso Viejo,CA,508,481
400080,,,,1549,1551
400187,,,,394,762
400558,,,,51,133
401223,,,,262,499
401250,,,,190,154
401764,,,,172,241
402563,,,,246,275
402800,,,,114,209
404055,,,,277,402
404222,,,,213,221
404338,Schiller International University,Tampa,FL,58,66
404426,Coconino Community College,Flagstaff,AZ,1722,4442
404684,,,,302,431
404718,,,,272,416
404912,,,,972,1280
405012,,,,80,127
405058,,,,169,169
405076,,,,713,863
405854,,,,222,240
405872,Carroll Community College,Westminster,MD,1821,4193
406024,Galen College of Nursing-Tampa Bay,Saint Petersburg,FL,1467,2082
406033,Galen College of Nursing-San Antonio,San Antonio,TX,4000,4097
406149,,,,56,118
406325,,,,103,185
406361,,,,22,34
406422,,,,100,118
406486,,,,56,93
407090,,,,309,484
407142,,,,108,156
407151,,,,130,100
407179,,,,103,171
407355,,,,309,354
407434,,,,58,90
407461,,,,67,103
407470,,,,193,293
407489,,,,37,134
407513,,,,155,413
407522,,,,23,118
407568,,,,147,209
407577,,,,175,188
407610,,,,20,66
407629,,,,4415,4215
407683,,,,133,134
407708,,,,163,209
407735,,,,128,141
407832,,,,126,362
408066,,,,214,272
408163,,,,48,101
408385,,,,801,975
408844,Florida National University-Main Campus,Hialeah,FL,4998,6132
408862,,,,335,335
409032,,,,294,294
409120,,,,56,56
409193,,,,177,194
409254,,,,226,405
409315,,,,18028,35779
409537,,,,16,115
409591,,,,46,168
409616,,,,519,521
409698,California State University-Monterey Bay,Seaside,CA,6438,7706
410797,,,,258,260
410964,,,,43,77
411684,,,,194,188
411754,,,,62,31
412173,,,,430,739
412535,,,,43,35
412544,,,,122,282
412599,Remington College-Memphis Campus,Memphis,TN,535,610
413176,,,,43,37
413413,Capella University,Minneapolis,MN,42940,81047
413617,,,,96,355
413626,,,,97,265
413680,,,,722,548
413820,,,,34,39
413893,,,,1595,1994
414063,,,,98,135
414124,,,,383,571
414461,Mech-Tech College,Caguas,PR,2966,2966
414489,,,,103,103
414540,,,,266,424
414595,Pacific College of Health and Science,New York,NY,678,1085
414869,,,,364,649
414878,Trine University-Regional/Non-Traditional Campuses,Angola,IN,5801,13135
414911,Pennsylvania Highlands Community College,Johnstown,PA,1058,2854
414939,,,,572,588
414966,,,,46,135
415039,,,,63,86
415057,,,,108,108
415987,,,,216,217
416458,,,,180,180
416801,,,,393,528
417008,,,,107,129
417062,,,,54,85
417105,,,,296,556
417123,,,,110,163
417327,City College-Altamonte Springs,Altamonte Springs,FL,207,404
417442,,,,95,112
417503,,,,265,464
417600,,,,32,37
417628,,,,31,21
417637,,,,88,130
417646,,,,33,23
417655,,,,23,23
417682,,,,15,20
417716,,,,166,226
417725,,,,60,74
417734,Southeast Missouri Hospital College of Nursing and Health Sciences,Cape Girardeau,MO,141,218
417752,,,,23,29
417831,,,,153,144
417840,,,,451,578
417868,,,,29,35
417886,Jefferson Lewis BOCES-Practical Nursing Program,Watertown,NY,28,31
417910,Veeb Nassau County School of Practical Nursing,Hicksville,NY,212,407
417983,,,,26,23
417992,,,,42,72
418001,,,,42,77
418010,,,,82,97
418029,,,,41,38
418038,,,,178,210
418065,,,,259,390
418083,,,,35,29
418126,New York College of Health Professions,Syosset,NY,88,149
418171,,,,49,98
418205,,,,208,454
418223,Northern Career Institute,Eastlake,OH,142,202
418250,,,,112,343
418269,,,,215,230
418278,,,,85,247
418296,,,,1531,2894
418302,,,,339,550
418320,,,,681,1080
418348,,,,334,575
418357,,,,100,304
418409,,,,384,855
418427,,,,88,114
418445,,,,30,37
418454,,,,125,163
418481,,,,44,55
418515,,,,79,108
418524,,,,71,65
418533,,,,347,380
418560,,,,84,121
418588,,,,57,63
418612,,,,7,7
418658,,,,861,861
418773,,,,333,505
418782,Automeca Technical College-Aguadilla,Aguadilla,PR,361,451
418889,,,,55,146
418913,,,,7,8
418968,,,,194,403
419031,,,,35,30
419095,,,,53,62
419183,Central California School of Continuing Education,San Luis Obispo,CA,125,125
419217,,,,53,62
419226,,,,415,809
419235,,,,161,244
419244,,,,261,333
419253,,,,104,141
419280,,,,35,57
419341,Jna Institute of Culinary Arts,Philadelphia,PA,41,48
419420,,,,42,63
419484,,,,20,26
419633,,,,128,144
419703,Automeca Technical College-Bayamon,Bayamon,PR,652,815
419712,Automeca Technical College-Caguas,Caguas,PR,231,289
419721,Automeca Technical College-Ponce,Ponce,PR,438,547
420024,Centura College-Chesapeake,Chesapeake,VA,399,544
420042,,,,8,22
420130,,,,396,411
420246,,,,532,642
420255,,,,319,319
420325,,,,99,99
420343,,,,1264,1503
420370,,,,313,531
420398,Northwest Vista College,San Antonio,TX,9407,26839
420431,Oconee Fall Line Technical College,Sandersville,GA,1161,2967
420440,York County Community College,Wells,ME,877,2402
420468,,,,247,305
420538,Arkansas State University-Mountain Home,Mountain Home,AR,892,1668
420556,Columbia Gorge Community College,The Dalles,OR,563,1393
420705,,,,71,204
420723,,,,301,902
420981,,,,609,1259
421513,,,,117,117
421610,,,,99,159
421665,,,,52,67
421708,Arizona College of Nursing-Tempe,Tempe,AZ,1271,1555
421717,,,,9,23
421771,,,,37,57
421841,New York Conservatory for Dramatic Arts,New York,NY,342,311
421878,Eastern International College-Jersey City,Jersey City,NJ,567,627
421896,,,,279,279
422020,,,,409,490
422695,,,,360,457
422835,,,,479,479
423120,,,,562,894
423397,,,,951,929
423412,,,,31,56
423643,,,,4094,4108
423652,,,,289,855
425250,,,,127,135
425986,Mildred Elley-Pittsfield Campus,Pittsfield,MA,97,199
426314,Embry-Riddle Aeronautical University-Worldwide,Daytona Beach,FL,7560,17878
427308,,,,154,194
427335,,,,47,120
427894,,,,10,27
427973,Aviation Institute of Maintenance-Norfolk,Norfolk,VA,390,450
427991,,,,614,902
428000,,,,33,51
428019,,,,206,343
428055,,,,207,238
428125,,,,48,96
428170,Southeastern College-West Palm Beach,West Palm Beach,FL,1346,1483
428259,,,,83,148
428392,Klamath Community College,Klamath Falls,OR,1183,3633
429085,,,,82,122
429128,,,,418,1384
430184,Strayer University-Maryland,Suitland,MD,997,1968
430227,,,,78,126
430245,,,,714,953
430306,,,,38,38
430403,,,,362,401
430564,,,,36,169
430582,,,,351,500
430670,,,,461,436
430704,,,,90,87
430795,,,,186,193
430883,Cayuga Onondaga BOCES-Practical Nursing Program,Auburn,NY,28,38
430908,,,,41,53
430935,,,,520,630
430971,,,,106,176
431017,,,,359,378
431071,,,,43,142
431105,,,,60,88
431123,,,,348,597
431141,,,,1925,2264
431196,,,,88,122
431266,,,,70,105
431275,,,,35,65
431284,,,,59,109
431558,,,,267,509
431600,UPMC Mercy School of Nursing,Pittsburgh,PA,314,342
431716,,,,371,453
431983,,,,99,99
432117,,,,195,338
432269,,,,59,128
432348,,,,146,146
432384,Platt College-Ontario,Ontario,CA,466,655
433004,American University of Health Sciences,Signal Hill,CA,558,670
433013,,,,1082,1386
433040,,,,45,33
433068,,,,373,635
433101,,,,777,1201
433138,,,,66,202
433174,Carolinas College of Health Sciences,Charlotte,NC,360,635
433387,Western Governors University,Salt Lake City,UT,167386,282150
433420,California Aeronautical University,Bakersfield,CA,450,530
433536,Herzing University-New Orleans,Metairie,LA,431,606
433660,Florida Gulf Coast University,Fort Myers,FL,14599,18514
434016,,,,128,312
434061,South Louisiana Community College,Lafayette,LA,4312,7826
434140,,,,823,1068
434159,,,,500,742
434274,,,,60,109
434308,,,,263,473
434344,,,,231,326
434362,,,,42,49
434432,,,,7,13
434441,,,,69,84
434469,,,,1313,987
434496,,,,84,150
434584,,,,123,510
434672,Community College of Baltimore County,Baltimore,MD,9539,23888
434751,,,,65,158
434821,,,,481,729
434830,,,,380,350
434900,Dewey University-Carolina,Carolina,PR,514,497
434937,,,,59,61
435000,,,,1157,1235
436030,,,,219,439
436304,River Parishes Community College,Gonzales,LA,1684,3151
436429,,,,6055,7487
436553,,,,943,943
436599,,,,144,269
436614,,,,52,96
436632,,,,185,194
436650,,,,248,283
436818,University of Connecticut-Waterbury Campus,Waterbury,CT,706,884
436827,University of Connecticut-Avery Point,Groton,CT,426,543
436836,University of Connecticut-Stamford,Stamford,CT,2004,2510
437097,,,,748,1422
437103,Baton Rouge Community College,Baton Rouge,LA,6542,15384
437237,,,,86,110
437556,,,,1786,2046
437608,,,,145,206
437635,,,,1141,1345
437723,,,,40,128
437732,,,,16,29
437750,Professional Golfers Career College,Temecula,CA,103,129
437769,,,,146,317
437778,,,,328,621
437857,,,,121,155
437936,,,,796,1055
438179,,,,197,289
438221,,,,189,206
438258,,,,488,666
438285,,,,215,341
438337,,,,325,319
438504,,,,2092,2131
438586,American InterContinental University-Atlanta,Atlanta,GA,1165,1743
438674,,,,56,71
438708,Eastern West Virginia Community and Technical College,Moorefield,WV,211,571
438735,Aviation Institute of Maintenance-Indianapolis,Indianapolis,IN,319,368
438984,,,,255,254
439020,,,,49,53
439118,,,,320,553
439190,Cascadia College,Bothell,WA,1834,3702
439367,,,,2286,1966
439394,,,,132,69
439446,,,,126,162
439455,MDT College of Health Sciences,Chicago,IL,489,706
439473,,,,201,222
439491,,,,171,290
439570,,,,729,736
439622,,,,556,673
439668,,,,367,1171
439701,The King's University,Southlake,TX,362,737
439738,Fortis College-Baton Rouge,Baton Rouge,LA,809,809
439747,,,,207,334
439774,,,,52,120
439783,,,,247,227
439792,Fortis College-Orange Park,Orange Park,FL,519,522
439817,,,,116,245
439844,,,,61,65
439862,,,,48,81
439871,,,,149,226
439899,,,,76,96
439914,,,,92,45
439932,,,,82,82
440004,,,,42,42
440031,,,,686,704
440059,Aviation Institute of Maintenance-Atlanta,Duluth,GA,1273,1466
440101,,,,166,281
440262,,,,482,705
440271,Remington College-Baton Rouge Campus,Baton Rouge,LA,237,279
440396,,,,312,388
440402,Arkansas State University-Newport,Newport,AR,1598,4192
440651,Atenas University,Manati,PR,729,820
440730,,,,505,570
440776,Interactive College of Technology,Pasadena,TX,107,107
440794,Pillar College,Newark,NJ,679,745
440828,Oregon State University-Cascades Campus,Bend,OR,1095,1671
440855,,,,217,349
440916,,,,736,925
440989,,,,361,891
441025,,,,103,219
441052,,,,2480,2536
441070,,,,82,202
441104,,,,278,399
441131,,,,205,269
441210,,,,373,475
441229,Smith Chason College,Los Angeles,CA,3066,3066
441256,,,,98,180
441371,,,,25938,34339
441380,,,,191,412
441414,,,,139,328
441423,,,,809,1022
441487,Texas County Technical College,Houston,MO,125,115
441496,Aviation Institute of Maintenance-Kansas City,Kansas City,MO,348,402
441502,,,,213,430
441575,,,,373,511
441593,,,,18,35
441609,,,,230,230
441618,,,,28,42
441636,American Institute of Alternative Medicine,Columbus,OH,420,594
441645,,,,128,219
441663,,,,455,500
441672,,,,38,59
441690,,,,127,274
441706,,,,686,686
441742,,,,856,1031
441760,Lamar Institute of Technology,Beaumont,TX,3069,6406
441788,Aviation Institute of Maintenance-Dallas,Irving,TX,697,804
441830,,,,151,196
441858,,,,232,337
441876,,,,224,276
441900,Nevada State University,Henderson,NV,4352,8685
441937,California State University-Channel Islands,Camarillo,CA,4901,6662
441982,Franklin W Olin College of Engineering,Needham,MA,397,436
442064,,,,130,169
442073,,,,624,1106
442134,,,,414,582
442240,,,,370,657
442295,,,,318,330
442329,,,,1118,1591
442356,Saint Joseph's University - Lancaster,Lancaster,PA,1219,2071
442383,West Virginia Junior College-Bridgeport,Bridgeport,WV,133,213
442426,,,,402,600
442435,Interactive College of Technology-Gainesville,Gainesville,GA,55,55
442444,,,,1208,1525
442523,,,,45,77
442569,University of Arkansas Grantham,LIttle Rock,AR,2919,5464
442602,,,,346,522
442611,,,,1809,1749
442639,University of the Potomac-VA Campus,FALLS CHURCH,VA,496,790
442657,,,,277,503
442781,,,,633,1868
442806,,,,2615,2615
442842,Pacific College of Health and Science,Chicago,IL,212,382
442879,,,,409,919
442888,,,,93,98
442976,,,,56,97
442985,,,,452,452
443021,,,,28,36
443030,,,,78,100
443049,Faith International University,Tacoma,WA,320,561
443058,,,,163,385
443076,,,,76,156
443100,,,,48,92
443137,,,,169,363
443146,,,,44,78
443207,,,,163,202
443216,,,,225,293
443225,,,,74,97
443234,,,,165,358
443252,,,,7182,9079
443261,Southeastern College-Charleston,North Charleston,SC,415,549
443289,,,,193,230
443298,,,,32,33
443322,,,,165,252
443331,West Coast University-Los Angeles,North Hollywood,CA,3297,3659
443340,,,,61,88
443377,Triangle Tech Inc-Sunbury,Sunbury,PA,71,71
443410,DigiPen Institute of Technology,Redmond,WA,1395,1702
443492,Pierpont Community and Technical College,Fairmont,WV,1062,2319
443562,Dewey University-Hato Rey,Hato Rey,PR,575,596
443571,,,,481,622
443599,,,,864,1574
443632,,,,136,159
443641,,,,150,266
443650,,,,5691,5876
443669,,,,158,278
443696,Interactive College of Technology,Houston,TX,74,74
443702,,,,45,116
443766,Strayer University-Tennessee,Memphis,TN,1574,3126
443784,Strayer University-Pennsylvania,Trevose,PA,1165,2329
443951,,,,79,79
443979,,,,116,201
444051,,,,108,115
444088,,,,549,723
444103,,,,15,37
444130,,,,6189,12994
444194,,,,161,201
444219,,,,6254,16836
444228,,,,30,42
444264,,,,30,89
444282,,,,94,153
444291,,,,138,227
444307,,,,75,118
444325,,,,112,203
444334,,,,58,59
444361,,,,94,117
444370,,,,21,49
444398,,,,79,197
444404,,,,22,44
444413,,,,221,221
444440,,,,76,137
444468,,,,88,155
444486,,,,109,309
444510,,,,143,169
444529,,,,62,97
444556,,,,575,470
444565,Culinary Institute Inc,Houston,TX,374,453
444583,Escuela Hotelera de San Juan,Hato Rey,PR,319,526
444635,,,,36,88
444671,,,,95,158
444699,,,,42,64
444714,,,,316,471
444732,,,,46,65
444778,,,,69,115
444787,,,,7049,6990
444811,,,,361,328
444857,,,,115,206
444866,Southeastern College-Columbia,Columbia,SC,447,588
444936,,,,97,191
444945,,,,400,1044
444954,Mountwest Community and Technical College,Huntington,WV,1165,1868
445027,American InterContinental University System,Chandler,AZ,14131,23926
445054,,,,13,39
445133,American InterContinental University-Houston,Houston,TX,233,350
445188,University of California-Merced,Merced,CA,9316,9716
445203,Remington College-North Houston Campus,Houston,TX,261,285
445212,,,,163,237
445230,,,,1034,1182
445249,Remington College-Nashville Campus,Nashville,TN,408,451
445267,Central Methodist University-College of Graduate and Extended Studies,Fayette,MO,2160,5073
445364,,,,955,1137
445498,,,,28,64
445540,,,,68,86
445647,,,,124,287
445656,,,,159,364
445692,,,,638,649
445708,Johnson & Wales University-Charlotte,Charlotte,NC,1108,1220
445735,,,,1712,1696
445744,Fortis Institute-Port Saint Lucie,Port Saint Lucie,FL,725,725
445762,Aviation Institute of Maintenance-Manassas,Manassas,VA,326,376
445780,,,,55,73
445799,,,,1399,1315
445841,,,,167,269
445850,,,,63,147
445869,,,,425,648
445911,,,,874,1312
445948,,,,2604,3659
445957,,,,158,482
446002,,,,31,37
446039,,,,29,29
446048,Ave Maria University,Ave Maria,FL,1488,1433
446084,,,,90,115
446093,,,,46,88
446109,Cambridge College of Healthcare & Technology,Altamonte Springs,FL,534,641
446118,,,,698,986
446127,ATA Career Education,Spring Hill,FL,462,462
446163,,,,417,737
446206,,,,42,71
446224,,,,49,57
446233,Ecclesia College,Springdale,AR,125,153
446242,,,,235,349
446251,Estelle Medical Academy,Skokie,IL,60,125
446260,,,,1224,1811
446288,,,,76,99
446303,,,,104,150
446349,,,,17,14
446385,Los Angeles College of Music,Pasadena,CA,282,296
446516,,,,13,13
446525,SAE Institute of Technology-Nashville,Nashville,TN,1577,2536
446552,,,,1503,2365
446561,,,,3357,3357
446598,Universal College of Healing Arts,Omaha,NE,17,44
446604,,,,2729,2731
446640,Harrisburg University of Science and Technology,Harrisburg,PA,3021,6615
446774,Blue Ridge Community and Technical College,Martinsburg,WV,1824,6605
447014,,,,205,306
447023,,,,3822,3822
447050,,,,1889,3431
447148,,,,297,349
447166,,,,50,72
447175,,,,86,137
447263,Joyce University of Nursing and Health Sciences,Draper,UT,2258,3204
447351,,,,703,982
447421,,,,221,271
447449,,,,59,68
447467,,,,125,372
447582,New River Community and Technical College,Beaver,WV,811,1735
447591,,,,812,1060
447607,,,,1839,2299
447616,,,,1392,1740
447689,Georgia Gwinnett College,Lawrenceville,GA,9805,14484
447698,,,,181,156
447704,,,,179,225
447713,,,,484,301
447722,,,,41,57
447731,,,,92,211
447759,,,,256,530
447768,,,,3082,3158
447777,,,,953,1075
447795,,,,82,82
447801,,,,108,111
447810,,,,294,336
447847,,,,319,338
447865,,,,24,33
447883,,,,518,560
447892,,,,65,141
447908,,,,59,103
447917,,,,44,66
447935,ATA College,Louisville,KY,593,593
447953,SUM Bible College and Theological Seminary,El Dorado Hills,CA,255,679
447962,,,,128,291
447980,,,,71,140
447999,,,,297,294
448026,,,,217,248
448071,,,,224,396
448123,,,,170,236
448196,,,,251,276
448220,,,,147,212
448239,,,,212,178
448248,,,,1976,5465
448257,,,,93,100
448275,,,,11,33
448372,,,,369,312
448424,,,,72,95
448433,,,,1606,1594
448594,Lemoore College,Lemoore,CA,2559,6364
448600,Stautzenberger College-Brecksville,Brecksville,OH,116,198
448646,,,,89,238
448673,Rasmussen University-Illinois,Rockford,IL,1343,2375
448691,,,,51,215
448770,,,,421,432
448798,,,,110,198
448859,Triangle Tech Inc-Bethlehem,Bethlehem,PA,142,142
448895,,,,527,986
449038,Strayer University-Florida,Tampa,FL,1089,2127
449074,,,,524,797
449083,CBT Technology Institute-Main Campus,Miami,FL,294,516
449092,CBT Technology Institute-Hialeah,Hialeah,FL,351,547
449135,Dewey University-Juana Diaz,Juana Diaz,PR,373,366
449250,,,,945,1116
449311,,,,127,259
449320,,,,885,1461
449339,American Public University System,Charles Town,WV,39043,95158
449348,,,,56,152
449357,,,,106,131
449384,Gnomon,North Hollywood,CA,367,1013
449393,,,,71,132
449445,,,,64,80
449454,,,,33,63
449463,,,,222,346
449472,,,,99,155
449481,,,,113,71
449490,,,,133,106
449506,,,,269,424
449524,Taylor College,Ocala,FL,89,223
449533,,,,69,96
449603,,,,113,261
449612,Louisiana Culinary Institute,Baton Rouge,LA,93,110
449658,,,,145,145
449676,,,,169,395
449685,,,,119,436
449700,Dayton School of Medical Massage,Dayton,OH,942,1038
449728,ATA College,Tulsa,OK,350,351
449764,Visible Music College,Memphis,TN,174,202
449773,,,,172,301
449782,,,,31,60
449807,,,,100,143
449816,,,,340,1172
449834,,,,21,41
449861,,,,93,162
449870,,,,111,178
449889,,,,8838,18248
449898,South University-Tampa,Tampa,FL,956,1319
449904,,,,200,386
449922,,,,131,131
449959,,,,127,191
449968,,,,247,436
449977,,,,138,207
449986,,,,317,411
449995,,,,67,104
450058,Fortis College-Columbus,Westerville,OH,1087,1087
450067,Fortis College-Cincinnati,Cincinnati,OH,646,662
450128,,,,349,794
450298,,,,172,347
450304,,,,67,134
450377,Strayer University-Alabama,Birmingham,AL,1139,2221
450395,,,,151,235
450401,,,,537,651
450571,,,,193,307
450599,,,,97,124
450605,,,,73,118
450614,,,,149,223
450632,,,,56,147
450641,,,,289,480
450650,,,,209,363
450696,,,,465,686
450711,,,,108,139
450720,,,,482,975
450933,Columbia Southern University,Orange Beach,AL,23176,30425
450951,,,,256,234
450960,,,,471,750
450988,,,,137,326
451042,,,,17,46
451051,,,,71,167
451079,,,,70,70
451097,,,,109,155
451103,,,,2902,3011
451149,,,,925,1544
451158,,,,777,1213
451167,,,,143,257
451194,,,,34,40
451228,,,,1693,2109
451237,,,,364,332
451255,,,,44,95
451282,,,,206,324
451291,,,,13,19
451307,,,,40,115
451316,,,,78,102
451334,,,,241,425
451343,,,,104,153
451352,Southeastern College-Charlotte,Charlotte,NC,429,601
451370,,,,81,81
451398,,,,258,258
451404,,,,518,516
451413,,,,431,654
451468,,,,513,709
451477,,,,1559,1559
451495,,,,253,383
451501,,,,386,458
451510,,,,680,706
451529,,,,53,85
451547,,,,23,28
451556,Southwest University at El Paso,El Paso,TX,2733,3807
451565,,,,217,334
451574,,,,178,259
451583,,,,695,1964
451626,,,,75,107
451714,,,,320,539
451750,Bryant & Stratton College-Wauwatosa,Wauwatosa,WI,763,1359
451857,Remington College-Houston Southeast Campus,League City,TX,108,122
451866,Remington College-Shreveport Campus,Shreveport,LA,444,518
451918,,,,139,195
451927,,,,388,430
452009,,,,89,78
452072,,,,59,59
452081,,,,2411,2411
452106,,,,67,67
452124,Fortis Institute-Nashville,Nashville,TN,587,589
452373,ATA College-Cincinnati,Cincinnati,OH,509,515
452771,,,,3,34
452780,,,,2,23
452887,,,,84,113
452948,Galen College of Nursing-Cincinnati,Cincinnati,OH,570,890
453163,Strayer University-North Carolina,Greensboro,NC,2499,4891
453215,Strayer University-New Jersey,Piscataway,NJ,660,1368
453297,,,,10,32
453756,,,,133,143
453792,,,,261,269
454227,Chamberlain University-Illinois,Addison,IL,20496,48751
454236,Chamberlain University-Ohio,Columbus,OH,267,529
454245,Chamberlain University-Arizona,Phoenix,AZ,629,1038
454537,,,,104,128
454546,,,,213,418
454555,,,,209,394
454582,Ottawa University-Online,Overland Park,KS,686,1522
454607,,,,400,565
454652,,,,125,158
454689,,,,350,532
454698,,,,223,546
454722,,,,25,47
454759,,,,49,70
454768,,,,212,319
454777,,,,174,335
454786,,,,788,1051
454795,,,,148,329
454801,,,,212,288
454810,,,,12211,14363
454829,,,,3090,6615
454838,,,,36,39
454856,,,,1242,1242
454865,Cambridge College of Healthcare & Technology,Delray Beach,FL,1716,2163
454874,,,,63,138
454917,,,,679,1406
454926,,,,347,433
454935,,,,72,78
454944,,,,269,375
454953,,,,42,86
454962,,,,36,65
454971,,,,270,357
454980,,,,148,239
454999,,,,149,235
455008,,,,197,298
455026,,,,61,99
455062,,,,57,96
455071,,,,125,188
455080,,,,310,463
455099,,,,48,137
455105,,,,82,130
455114,,,,6675,22111
455141,,,,178,296
455178,,,,129,111
455187,,,,293,327
455196,,,,3891,6063
455202,,,,341,662
455211,,,,332,506
455220,,,,218,232
455257,,,,461,461
455275,,,,276,434
455284,,,,266,360
455327,,,,65,83
455336,,,,244,261
455354,,,,335,432
455381,,,,223,237
455406,,,,668,675
455433,,,,518,567
455460,,,,298,298
455479,Fortis Institute-Pensacola,Pensacola,FL,932,1015
455488,,,,551,551
455512,,,,1880,6138
455628,Fortis Institute-Birmingham,Birmingham,AL,736,736
455664,The Chicago School at Los Angeles,Los Angeles,CA,2599,4787
455707,,,,119,89
455725,,,,664,1126
455734,,,,160,325
455761,,,,363,652
455770,Providence Christian College,Pasadena,CA,159,154
455798,,,,90,155
455804,,,,100,140
455813,,,,36,67
455831,,,,179,581
455859,,,,300,441
455868,,,,415,595
455877,,,,127,185
455886,,,,224,314
455895,,,,502,795
455901,,,,160,220
455910,,,,38,104
455929,,,,89,95
455965,,,,135,170
455974,South Texas Training Center,Pharr,TX,122,363
455983,,,,243,305
455992,,,,176,262
456001,,,,131,135
456029,,,,193,267
456038,,,,382,717
456065,,,,219,265
456074,,,,245,270
456135,,,,83,134
456153,,,,127,131
456205,,,,399,464
456214,,,,546,745
456287,,,,166,206
456454,Fortis College-Salt Lake City,Salt Lake City,UT,460,530
456481,Polytechnic University of Puerto Rico-Miami,Miami,FL,25,55
456490,Polytechnic University of Puerto Rico-Orlando,Orlando,FL,113,182
456506,,,,229,229
456515,,,,84,84
456542,,,,659,793
456551,,,,87,133
456579,,,,403,533
456588,,,,37,53
456597,,,,268,424
456621,Strayer University-West Virginia,Scott Depot,WV,234,454
456825,,,,263,361
456852,,,,529,736
456922,,,,474,600
456931,,,,675,724
456959,University of Minnesota-Rochester,Rochester,MN,562,618
456968,,,,972,1362
456977,CBT Technology Institute-Cutler Bay,Cutler Bay,FL,180,273
457031,,,,92,113
457077,,,,532,948
457086,,,,216,262
457101,,,,440,556
457110,,,,495,707
457129,Chamberlain University-Florida,Jacksonville,FL,667,1237
457192,,,,79,79
457208,,,,118,140
457226,,,,49,80
457253,,,,90,142
457271,,,,59,82
457299,,,,666,722
457314,,,,231,231
457323,,,,330,484
457332,,,,84,87
457341,,,,173,262
457350,,,,54,73
457378,,,,153,258
457387,,,,364,651
457396,,,,58,153
457402,,,,268,582
457411,Aviation Institute of Maintenance-Orlando,Casselberry,FL,459,530
457420,,,,239,333
457439,,,,151,209
457448,,,,89,106
457466,,,,44,45
457475,,,,142,164
457484,,,,91,178
457493,,,,75,92
457527,,,,139,284
457536,,,,757,1190
457545,,,,85,104
457563,,,,285,401
457572,,,,194,210
457581,,,,245,287
457606,,,,104,151
457615,,,,23,40
457624,,,,49,40
457633,,,,258,448
457642,,,,41,91
457679,,,,26,27
457697,,,,129,422
457749,,,,123,265
457767,,,,102,311
457776,,,,137,226
457785,,,,162,181
457794,,,,89,210
457800,,,,421,524
457819,,,,429,1046
457837,,,,110,252
457855,,,,71,121
457873,,,,90,349
457916,,,,125,196
457925,,,,13,13
457943,,,,33,60
457952,,,,170,249
457989,,,,35,45
458007,,,,54,112
458043,,,,109,147
458061,,,,44,92
458070,,,,273,456
458098,,,,150,245
458104,,,,190,322
458113,,,,67,136
458122,,,,27,41
458131,,,,224,426
458140,,,,73,67
458168,,,,99,117
458210,West Coast University-Orange County,Anaheim,CA,5305,6841
458229,West Coast University-Ontario,Ontario,CA,3217,3644
458274,,,,166,208
458405,,,,310,411
458423,,,,53,140
458441,,,,420,410
458681,Fortis College-Indianapolis,Indianapolis,IN,475,475
458803,,,,221,348
458812,,,,140,209
458821,,,,61,95
458830,,,,191,292
458858,,,,172,303
458867,,,,239,398
458885,,,,606,1250
458919,Strayer University-Georgia,Chamblee,GA,3956,7707
458955,Strayer University-Mississippi,Jackson,MS,702,1407
458964,Strayer University-South Carolina,Greenville,SC,1696,3299
458973,Strayer University-Texas,Farmers Branch,TX,2137,4227
459019,,,,84,144
459046,,,,78,132
459055,,,,73,118
459064,,,,82,119
459116,,,,163,239
459170,,,,271,472
459198,,,,207,331
459204,,,,5295,7204
459213,,,,5136,4667
459231,,,,207,348
459259,South University-Richmond,Glen Allen,VA,418,683
459268,South University-Virginia Beach,Virginia Beach,VA,275,461
459277,,,,359,515
459286,,,,195,284
459295,,,,88,102
459301,,,,176,205
459329,,,,279,588
459347,,,,84,168
459374,,,,191,231
459392,,,,169,279
459408,,,,62,66
459426,,,,238,349
459514,,,,99,115
459523,,,,63,101
459532,,,,67,135
459541,,,,28,32
459550,,,,174,201
459578,,,,127,166
459727,Touro University Worldwide,Los Alamitos,CA,2415,3187
459736,,,,1229,1208
459745,,,,504,673
459824,,,,1723,1968
459842,Herzing University-Kenosha,Kenosha,WI,611,911
459851,Herzing University-Brookfield,Brookfield,WI,430,708
459949,Texas A&M University-San Antonio,San Antonio,TX,5648,8715
459958,,,,638,638
459967,,,,1011,1073
459985,,,,533,837
459994,Strayer University-Global Region,Washington,DC,8075,18620
460011,,,,226,336
460020,Fortis College-Columbia,Columbia,SC,847,847
460093,,,,70,70
460109,,,,236,236
460118,,,,153,153
460127,,,,149,149
460136,,,,1411,1778
460145,,,,169,198
460172,,,,1040,1124
460181,,,,672,666
460190,,,,367,692
460206,,,,556,572
460349,Johnson & Wales University-Online,Providence,RI,1764,3765
460394,,,,5868,17166
460464,,,,5954,17336
460482,Dorsey College-Saginaw,Saginaw,MI,198,462
460534,,,,377,694
460543,,,,2266,2293
460677,,,,443,652
460701,,,,194,369
460756,Hawaii Medical College,Honolulu,HI,372,444
460765,,,,44,67
460808,,,,11,16
460817,,,,254,342
460826,,,,684,826
460835,,,,140,234
460862,,,,203,271
460871,Chamberlain University-Virginia,Vienna,VA,475,875
460914,,,,416,719
460932,,,,141,141
460969,,,,324,684
460978,,,,242,556
460987,,,,121,162
460996,,,,157,208
461014,Mildred Elley-New York Campus,New York,NY,804,1645
461023,Crestpoint University,Phoenix,AZ,308,618
461032,Carolina College of Biblical Studies,Fayetteville,NC,128,260
461087,,,,820,1486
461111,,,,61,60
461120,,,,56,97
461139,,,,116,94
461148,New York Film Academy,Burbank,CA,2107,1557
461175,,,,90,205
461193,,,,241,355
461218,,,,1757,1202
461245,,,,60,159
461254,,,,33,79
461263,,,,292,393
461272,,,,68,115
461281,,,,102,140
461306,,,,90,183
461315,,,,115,267
461324,,,,552,1261
461333,,,,21,43
461342,,,,112,168
461379,,,,16,51
461388,,,,45,75
461412,,,,73,158
461421,,,,232,304
461430,,,,465,891
461485,,,,149,259
461494,,,,217,236
461500,,,,42,75
461528,,,,172,336
461537,,,,27,42
461555,,,,159,239
461573,,,,190,201
461582,,,,113,222
461607,,,,105,208
461625,,,,24,74
461652,,,,86,140
461689,,,,336,490
461704,,,,191,295
461713,,,,49,92
461722,,,,81,93
461740,,,,53,72
461759,,,,386,475
461768,,,,253,568
461786,,,,30,40
461795,,,,788,1203
461810,,,,32,50
461829,,,,130,172
461838,,,,219,528
461847,,,,91,91
461856,,,,301,325
461865,,,,98,157
461874,,,,115,139
461883,,,,121,200
461892,,,,151,327
461908,,,,92,131
461917,,,,217,272
461926,,,,208,239
461944,,,,90,116
461953,,,,31,38
461962,,,,167,309
461999,,,,177,332
462008,,,,245,320
462017,,,,109,185
462035,,,,289,833
462044,,,,51,104
462053,,,,312,243
462062,,,,150,253
462071,,,,271,345
462336,,,,74,131
462354,John Paul the Great Catholic University,Escondido,CA,346,369
463056,University of Connecticut-Hartford Campus,Hartford,CT,1276,1617
464226,Ottawa University-Surprise,Surprise,AZ,766,911
466921,Chamberlain University-Missouri,St. Louis,MO,257,471
466930,Chamberlain University-Texas,Houston,TX,1874,3514
467094,,,,186,297
467863,,,,343,474
467872,,,,301,476
467906,,,,183,276
468246,,,,218,329
468255,,,,51,71
468769,,,,171,331
468848,,,,1060,1325
468893,,,,252,343
468909,,,,1454,1818
468963,,,,569,1006
469416,Dewey University-Manati,Manati,PR,374,365
469610,,,,33,33
469629,,,,195,215
469911,,,,138,319
470038,,,,2107,2634
470047,,,,54,61
470296,,,,21,25
470393,,,,170,261
474863,,,,1483,2884
474915,,,,369,505
474924,,,,223,294
475015,,,,244,302
475024,,,,547,547
475033,,,,1858,2477
475060,,,,330,337
475121,South University-Savannah Online,Savannah,GA,12521,15044
475176,,,,836,1050
475200,,,,159,213
475228,,,,86,86
475273,,,,227,490
475282,,,,111,122
475325,,,,199,415
475398,,,,97,286
475404,,,,117,252
475422,,,,67,84
475431,,,,70,167
475468,,,,209,434
475486,,,,248,415
475495,,,,1865,2154
475547,,,,86,152
475556,,,,148,200
475565,,,,840,1310
475574,,,,40,57
475608,Criswell College,Dallas,TX,122,183
475653,,,,92,216
475662,,,,80,83
475705,,,,32,25
475714,,,,272,553
475723,,,,346,1042
475732,Chamberlain University-Georgia,Sandy Springs,GA,1311,2465
475741,Chamberlain University-Indiana,Indianapolis,IN,144,250
475839,,,,136,279
476063,,,,656,798
476179,,,,178,274
476230,,,,37,37
476355,,,,36,57
476489,,,,64,88
476498,,,,527,746
476540,,,,114,200
476559,,,,107,189
476568,,,,21,24
476595,,,,91,93
476601,,,,91,91
476610,,,,37,39
476629,,,,238,208
476683,,,,310,594
476692,,,,53,53
476708,,,,113,218
476717,,,,718,718
476726,,,,762,1430
476735,,,,33,53
476753,,,,224,407
476780,,,,61,136
476799,,,,296,387
476805,,,,54,58
476814,,,,592,938
476841,,,,186,295
476850,,,,131,137
476869,,,,150,148
476878,,,,211,315
476887,,,,659,1200
476896,,,,118,208
476902,,,,142,168
476939,,,,751,1985
476975,,,,8078,15502
476984,,,,235,304
476993,,,,366,399
477002,,,,80,81
477039,West Coast University-Texas,Richardson,TX,2005,2649
477233,Evangel University-James River Assembly of God Church,Ozark,MO,100,101
478582,,,,140,247
478591,,,,172,354
478616,,,,136,214
478917,,,,50,87
478953,,,,270,335
479062,,,,140,233
479424,,,,370,524
479956,Pennsylvania State University-World Campus,University Park,PA,8893,18290
479965,,,,254,241
479974,,,,78,154
479992,,,,24,27
480000,,,,91,89
480019,,,,461,1718
480037,,,,2627,2804
480073,South University-Austin,Round Rock,TX,421,481
480091,Bryant & Stratton College-Online,Orchard Park,NY,9005,16061
480125,,,,354,764
480161,,,,11,17
480198,,,,184,316
480204,Platt College-Riverside,Riverside,CA,480,599
480310,,,,81,130
480471,,,,1129,1411
480523,,,,174,174
480532,,,,86,86
480550,,,,106,106
480569,,,,919,1835
480657,Rasmussen University-Kansas,Topeka,KS,375,602
480727,,,,62,69
480781,,,,383,402
480790,,,,1744,1657
480824,,,,818,1042
480833,,,,1229,1552
480842,,,,35,40
480851,,,,100,107
480879,,,,56,91
480888,,,,260,504
480903,,,,986,1083
480921,,,,111,147
480967,,,,181,341
480976,,,,55,80
480985,,,,217,362
480994,,,,124,212
481003,,,,230,569
481021,,,,35,57
481030,,,,19,61
481049,,,,28,34
481058,,,,198,361
481067,,,,61,60
481085,,,,228,385
481094,,,,138,202
481100,,,,69,229
481128,,,,69,181
481146,,,,83,127
481155,,,,162,244
481182,,,,38,34
481191,,,,124,189
481207,,,,173,176
481225,,,,27,40
481243,,,,170,376
481252,,,,144,184
481289,,,,107,158
481298,,,,39,60
481313,,,,93,194
481331,,,,72,125
481340,,,,42,35
481368,,,,48,110
481386,,,,486,745
481401,,,,298,831
481410,,,,101,101
481429,,,,108,213
481438,,,,86,86
481447,,,,23,62
481456,,,,15,37
481465,,,,193,166
481474,,,,106,171
481483,,,,258,362
481517,,,,123,160
481526,,,,173,423
481535,,,,45,49
481571,,,,12,14
481678,,,,103,138
481720,,,,76,124
481739,,,,69,88
481748,,,,132,203
481775,,,,294,410
481845,,,,69,142
481863,,,,106,106
481890,,,,108,108
481906,,,,70,70
481960,,,,228,253
482015,,,,1092,1636
482060,,,,324,562
482097,,,,637,638
482149,Augusta University,Augusta,GA,9534,11147
482158,Middle Georgia State University,Macon,GA,6407,10139
482167,,,,85,191
482176,,,,227,359
482185,,,,41,82
482194,,,,105,202
482200,,,,65,82
482228,,,,131,317
482246,,,,76,148
482255,Aviation Institute of Maintenance-Las Vegas,Las Vegas,NV,504,582
482291,,,,1946,2432
482413,DeVry College of New York,New York,NY,236,348
482422,DeVry University-Arizona,Phoenix,AZ,25,35
482431,DeVry University-California,Ontario,CA,2335,3391
482459,DeVry University-Florida,Orlando,FL,211,275
482468,DeVry University-Georgia,Decatur,GA,586,800
482477,DeVry University-Illinois,Lisle,IL,28258,45987
482547,DeVry University-Nevada,Henderson,NV,3,6
482556,DeVry University-New Jersey,Iselin,NJ,85,106
482574,DeVry University-Ohio,Columbus,OH,222,316
482635,DeVry University-Texas,Irving,TX,36,63
482653,DeVry University-Virginia,Arlington,VA,34,43
482680,University of North Georgia,Dahlonega,GA,14925,21448
482699,South Georgia State College,Douglas,GA,1484,2360
482705,,,,5833,11336
482936,,,,1467,1751
482963,,,,445,679
482981,,,,172,257
482990,,,,360,445
483009,,,,244,244
483018,,,,112,157
483036,,,,1793,3165
483045,Central Georgia Technical College,Warner Robins,GA,6082,14868
483054,,,,95,112
483106,,,,251,428
483124,,,,54519,98316
483212,Louisiana Delta Community College,Monroe,LA,2548,5337
483230,,,,130,290
483258,,,,56,77
483276,,,,50,85
483328,,,,97,103
483337,,,,208,281
483346,,,,49,137
483355,,,,238,259
483364,,,,195,218
483373,,,,193,263
483382,,,,296,480
483425,,,,68,72
483470,,,,113,147
483504,Dorsey College-Dearborn,Detroit,MI,403,947
483513,,,,56,60
483559,,,,84,120
483577,,,,71,113
483595,,,,7138,11028
483647,,,,108,146
483708,,,,207,877
483726,,,,24,29
483735,,,,102,160
483744,,,,83,83
483753,,,,33,81
483780,,,,1133,1652
483799,,,,25,78
483814,,,,776,1075
483823,,,,903,1229
483841,,,,100,108
483850,,,,4,11
483869,,,,388,658
483878,,,,207,309
483887,,,,34,79
483896,,,,288,383
483911,,,,19,26
483920,,,,280,335
483948,,,,26,68
483957,,,,50,55
483975,,,,799,800
484002,,,,2759,3094
484011,,,,127,190
484020,,,,14,35
484057,,,,167,458
484066,,,,552,592
484075,,,,26,68
484084,,,,48,99
484093,,,,121,140
484109,,,,127,152
484127,,,,101,132
484136,,,,40,60
484163,,,,169,254
484172,,,,70,159
484190,,,,38,42
484206,,,,182,346
484233,,,,150,480
484330,,,,60,60
484349,,,,123,123
484358,,,,129,129
484367,,,,678,754
484376,,,,785,921
484394,,,,202,192
484473,University of Florida-Online,Gainesville,FL,4092,6778
484604,,,,429,949
484613,University of Phoenix-Arizona,Phoenix,AZ,76005,156956
484631,,,,158,412
484756,,,,17,39
484844,,,,622,752
484862,,,,279,359
484871,,,,117,117
484899,,,,272,380
484905,,,,2987,4449
484923,,,,34,70
484932,BridgeValley Community & Technical College,South  Charleston,WV,1317,2226
484950,,,,129,176
484996,,,,138,215
485014,,,,85,158
485032,,,,175,237
485111,Georgia Military College,Milledgeville,GA,6188,11497
485166,,,,79,180
485236,,,,45,117
485272,West Coast University-Miami,Doral,FL,1042,1285
485342,,,,242,514
485360,,,,19,20
485379,,,,241,508
485388,,,,289,570
485397,,,,152,258
485403,,,,102,105
485412,,,,92,188
485458,,,,2236,5868
485476,,,,108,193
485485,,,,299,441
485494,,,,143,172
485500,,,,179,179
485519,,,,471,654
485546,,,,433,883
485564,,,,271,425
485573,,,,281,471
485591,,,,39,48
485607,,,,66,66
485698,,,,140,134
485768,,,,990,990
485801,,,,88,119
485856,,,,32,43
485874,,,,188,322
485926,,,,157,304
485953,,,,96,103
485962,,,,27,34
485999,,,,150,150
486017,,,,16,17
486026,,,,137,137
486053,,,,188,227
486123,,,,46,43
486150,,,,132,174
486169,,,,64,119
486196,,,,269,269
486202,,,,18,13
486239,,,,320,480
486248,,,,163,376
486257,,,,336,478
486284,,,,182,241
486345,,,,154,405
486354,,,,238,241
486372,,,,173,266
486381,,,,265,287
486406,,,,16,28
486415,,,,497,589
486424,,,,142,230
486433,,,,70,118
486442,,,,76,83
486488,,,,17,24
486497,,,,68,100
486503,,,,51,113
486512,,,,489,862
486530,,,,177,278
486558,,,,432,499
486567,,,,255,382
486576,,,,379,379
486619,,,,127,201
486691,,,,124,194
486707,,,,196,196
486716,,,,125,125
486752,,,,92,92
486770,,,,122,220
486798,,,,1971,3194
486813,,,,879,1158
486822,,,,1058,1485
486840,Kennesaw State University,Kennesaw,GA,39531,52521
486859,,,,77,102
486877,,,,10,13
486886,,,,20,34
486901,Milligan University,Milligan,TN,1233,1299
486938,Chamberlain University-Nevada,Las Vegas,NV,512,849
486947,Chamberlain University-Michigan,Troy,MI,531,890
486956,Chamberlain University-New Jersey,North Brunswick,NJ,1106,1882
486983,,,,68,91
487010,,,,3155,3309
487047,,,,102,256
487065,,,,108,146
487083,,,,42,56
487092,Emory University-Oxford College,Oxford,GA,1053,1048
487153,,,,22,22
487162,,,,3271,7011
487232,,,,163,173
487302,Fortis College-Cuyahoga Falls,Cuyahoga Falls,OH,795,795
487311,Jones Technical Institute,Jacksonville,FL,604,1036
487320,Texas State Technical College,Waco,TX,9302,14179
487348,,,,146,208
487375,Arizona College of Nursing-Las Vegas,Las Vegas,NV,1185,1499
487481,,,,1639,2049
487506,,,,79,147
487524,Husson University,Bangor,ME,2962,3963
487533,,,,179,251
487588,,,,310,370
487597,,,,1972,2158
487603,Northwest University-Center for Online and Extended Education,Kirkland,WA,605,1578
487621,,,,23,24
487649,,,,208,278
487658,,,,89,92
487676,,,,209,314
487746,,,,41,41
487773,,,,42,68
487791,,,,871,1307
487807,,,,131,88
487816,,,,11,16
487852,,,,17,56
487861,,,,178,323
487889,,,,68,267
487904,,,,55,51
487922,,,,80,90
487959,,,,46,126
487968,,,,66,141
487977,,,,1610,4870
487995,,,,184,184
488004,,,,41,41
488013,,,,451,1044
488022,,,,64,93
488031,,,,179,208
488059,,,,313,463
488077,,,,5341,8434
488110,,,,73,110
488129,,,,29,32
488138,,,,69,154
488174,,,,30,41
488183,,,,17,25
488192,,,,81,152
488217,,,,132,314
488226,,,,24,28
488253,,,,42,140
488262,,,,33,47
488280,,,,47,86
488299,,,,24,58
488305,,,,99,110
488314,,,,130,130
488332,,,,133,142
488350,,,,163,163
488369,,,,92,119
488378,,,,133,219
488387,,,,180,339
488396,,,,72,69
488411,,,,127,211
488420,,,,128,291
488439,,,,180,251
488448,,,,100,111
488527,,,,907,895
488554,,,,687,687
488563,,,,9,13
488572,,,,527,529
488590,,,,17,21
488651,,,,212,272
488679,Indiana Wesleyan University-National & Global,Marion,IN,8686,18713
488721,,,,483,1351
488730,,,,4072,12123
488749,,,,132,194
488776,,,,547,759
488800,,,,647,939
488837,,,,176,790
488846,,,,27070,62952
488891,,,,232,611
488907,,,,43,36
488916,,,,143,169
488934,,,,2646,4350
488952,,,,101,101
488961,,,,159,159
488970,,,,54,95
488989,,,,140,196
488998,,,,128,163
489122,,,,59,100
489131,,,,62,113
489140,,,,79,145
489159,,,,162,270
489201,,,,4981,15474
489238,,,,217,243
489247,,,,83,83
489256,,,,217,217
489283,,,,951,1176
489335,,,,20,64
489344,,,,187,339
489353,,,,614,1037
489371,,,,329,355
489779,Purdue University Global,West Lafayette,IN,50603,66383
489812,,,,16,22
489830,,,,73,104
489858,,,,770,694
489937,Carolina University,Winston-Salem,NC,663,1144
490018,,,,33,36
490045,,,,169,275
490054,,,,441,588
490081,,,,210,329
490090,,,,123,123
490106,,,,505,544
490115,,,,39,56
490124,,,,4,4
490133,,,,4334,7415
490142,,,,31,42
490151,,,,33,51
490160,,,,113,154
490197,,,,45,79
490203,,,,159,220
490221,,,,25,64
490249,,,,40,84
490258,,,,230,219
490267,,,,23,34
490276,,,,139,139
490285,,,,2718,3181
490294,,,,41,92
490300,,,,93,165
490319,,,,32,32
490328,,,,156,156
490346,,,,28,40
490373,,,,361,361
490382,,,,111,216
490391,,,,59,188
490407,,,,56,104
490416,,,,31,43
490425,,,,204,237
490434,,,,19,58
490443,,,,153,207
490470,,,,14,29
490489,,,,60,68
490498,,,,17,50
490504,,,,54,54
490513,,,,53,53
490522,,,,12,40
490531,,,,49,64
490674,,,,5,7
490692,,,,69,69
490717,,,,115,153
490735,,,,132,146
490744,,,,27,36
490753,,,,24,38
490805,Purdue University Northwest,Hammond,IN,6032,10043
490814,,,,185,218
490832,,,,757,757
490841,,,,487,525
490869,,,,298,444
490878,Platt College-Anaheim,Anaheim,CA,450,656
490896,,,,177,311
490948,,,,55,57
490975,Fortis College-Cutler Bay,Cutler Bay,FL,445,480
491057,,,,516,516
491066,,,,74,112
491075,,,,96,124
491084,,,,95,221
491136,,,,113,178
491145,,,,149,221
491181,Galen College of Nursing-ARH,Hazard,KY,345,514
491190,,,,127,155
491215,,,,62,93
491224,,,,121,167
491233,,,,29,54
491242,,,,78,108
491251,,,,65,130
491260,,,,118,128
491288,,,,714,928
491297,,,,208,219
491394,,,,260,348
491446,,,,114,143
491464,,,,119,226
491473,,,,441,960
491507,,,,22,70
491525,,,,102,175
491534,,,,9,25
491543,,,,63,131
491552,,,,95,109
491570,,,,58,71
491589,,,,25,54
491598,,,,18,35
491613,,,,75,75
491622,,,,85,85
491631,,,,208,224
491640,,,,196,196
491659,,,,193,334
491668,,,,393,408
491677,,,,51,98
491686,,,,64,80
491695,,,,50,72
491701,,,,33,78
491710,,,,87,87
491738,,,,77,108
491747,,,,26,56
491756,,,,261,341
491765,,,,97,97
491774,,,,190,238
491783,,,,142,180
491792,,,,118,133
491808,,,,194,312
491817,,,,152,190
491826,,,,133,172
491835,,,,163,163
491844,,,,198,366
491853,,,,42,75
491871,,,,8,13
491880,,,,136,214
491899,,,,80,173
491905,,,,218,179
491914,,,,194,194
491923,,,,272,544
491941,,,,301,274
491950,,,,413,1174
491978,,,,60,119
491996,,,,108,114
492005,,,,51,107
492023,,,,248,248
492069,,,,120,151
492078,,,,44,203
492096,,,,9,10
492139,,,,136,400
492148,,,,24,24
492209,,,,30,38
492281,,,,33,53
492360,,,,9,33
492421,,,,23,27
492449,,,,761,1009
492476,EDP University of Puerto Rico-Villalba,Villalba,PR,359,528
492607,,,,152,239
492652,,,,46,63
492661,,,,283,457
492689,,,,1045,1083
492704,,,,257,238
492722,,,,509,631
492731,,,,147,283
492759,,,,472,774
492801,Drury University-College of Continuing Professional Studies,Springfield,MO,601,981
492935,,,,439,541
492953,,,,74,136
492962,Indiana Institute of Technology-College of Professional Studies,Fort Wayne,IN,1570,4076
493071,,,,983,990
493080,,,,410,793
493132,,,,1603,1570
493150,,,,188,275
493363,,,,65,145
493451,,,,140,137
493479,,,,21,28
493488,,,,43,138
493512,,,,127,233
493521,,,,94,134
493549,,,,127,261
493567,,,,31,103
493585,,,,67,75
493594,,,,62,62
493600,,,,169,170
493619,,,,18,28
493628,,,,75,206
493637,,,,60,74
493646,,,,243,243
493664,,,,82,82
493673,,,,127,208
493682,,,,70,213
493691,,,,35,57
493707,,,,94,94
493716,,,,72,72
493743,,,,295,429
493752,,,,2,6
493761,,,,143,239
493770,,,,29,42
493798,,,,89,111
493804,,,,127,171
493813,,,,358,395
493822,,,,371,520
493831,,,,47,46
493868,,,,61,89
493895,,,,758,2631
493910,,,,44,66
493947,,,,628,628
493956,,,,62,45
493974,,,,47,90
493992,,,,233,305
494010,,,,122,131
494029,,,,30,34
494162,,,,459,607
494232,,,,136,229
494250,,,,1220,1426
494278,,,,384,571
494287,,,,667,850
494357,,,,1559,1949
494436,Fortis Institute-Cookeville,Cookeville,TN,487,487
494463,,,,285,285
494472,,,,13,20
494524,,,,158,239
494542,,,,52,61
494551,,,,18,25
494588,,,,485,691
494597,,,,76,172
494603,,,,1471,3622
494621,,,,137,299
494630,,,,40,47
494649,,,,41,92
494658,,,,49,89
494685,,,,491,569
494694,,,,87,168
494700,,,,49,66
494719,,,,132,237
494728,,,,52,74
494737,,,,211,211
494746,,,,637,871
494755,West Virginia Junior College-United Career Institute,Irwin,PA,64,91
494764,Aviation Institute of Maintenance-Charlotte,Charlotte,NC,363,419
494807,,,,626,700
494843,Fortis College-Landover,Landover,MD,956,956
494852,Stautzenberger College-Rockford Career College,Rockford,IL,1094,1473
494898,,,,100,93
494904,,,,79,605
494959,,,,59,166
494986,,,,30,48
494995,,,,56,56
495013,,,,154,382
495031,,,,93,94
495040,,,,75,118
495059,,,,60,69
495077,,,,125,170
495101,,,,44,88
495110,,,,27,46
495129,,,,420,334
495138,,,,17,27
495147,,,,109,142
495174,,,,39,52
495183,,,,128,180
495192,,,,685,1035
495208,,,,24,33
495217,,,,47,58
495226,,,,13,23
495235,,,,31,36
495244,,,,76,103
495253,,,,64,65
495262,,,,47,93
495271,,,,70,217
495280,,,,25,41
495299,,,,67,201
495305,,,,134,197
495314,,,,570,570
495341,,,,71,78
495350,,,,4,8
495369,,,,86,123
495378,,,,97,158
495387,,,,34,59
495411,,,,162,213
495420,,,,352,421
495439,,,,433,531
495448,,,,574,729
495457,,,,1202,1439
495518,,,,93,149
495730,,,,102,156
495776,,,,47,56
495794,,,,269,410
495837,Dorsey College-Woodhaven,Woodhaven,MI,193,423
495916,,,,29,145
495934,,,,89,128
495952,,,,315,427
495961,,,,161,223
495970,,,,527,537
495998,,,,104,146
496043,,,,564,564
496052,,,,29,37
496061,,,,189,449
496265,Triangle Tech-Chambersburg,Chambersburg,PA,89,89
496283,,,,284,356
496326,,,,611,741
496371,,,,21,28
496399,,,,35,69
496405,,,,32,45
496423,,,,24,35
496469,,,,103,217
496478,,,,62,109
496520,,,,32,138
496539,,,,97,131
496575,,,,83,121
496618,,,,243,284
496627,,,,963,1021
496636,,,,224,334
496645,,,,114,331
496654,,,,65,79
496663,,,,113,131
496672,,,,43,51
496681,,,,136,142
496690,,,,23,64
496706,,,,247,378
496715,,,,90,206
496724,,,,31,31
496733,,,,109,161
496751,,,,111,297
496803,,,,39,30
496894,,,,36,44
496919,,,,1042,1302
496955,,,,856,1070
496964,,,,21,27
496973,,,,288,491
496991,,,,581,920
497000,,,,114,155
497037,,,,1037,1536
497046,,,,2712,10714
497073,,,,372,863
497107,,,,505,562
497116,,,,1246,1323
497125,,,,770,1108
497161,,,,173,400
497189,,,,42,82
497198,,,,125,389
497204,,,,59,120
497213,,,,35,50
497222,,,,40,73
497268,,,,357,399
497277,Arizona College-Glendale,Glendale,AZ,774,991
497286,,,,1412,1439
497301,,,,428,522
497310,,,,229,342
497329,,,,423,627
497338,,,,403,657
497356,,,,55,74
497365,,,,38,56
497374,,,,186,280
497383,,,,57,61
497392,,,,83,160
497408,,,,104,179
497417,,,,35,62
497426,,,,183,267
497435,,,,60,111
497444,,,,24,31
497453,,,,6,11
497462,,,,124,157
497471,,,,22,18
497480,,,,1377,1768
497499,,,,18,49
497657,,,,40,57
497675,,,,24,42
497684,,,,79,102
497693,,,,227,227
497718,,,,38,95
497736,,,,121,121
497745,,,,380,439
497824,Evangel University-College of Online Learning,Springfield,MO,211,349
497833,,,,220,235
497888,,,,96,204
497897,,,,240,370
497912,,,,42,93
497949,,,,1138,1423
497958,,,,805,1006
498003,,,,228,456
498012,,,,83,97
498030,,,,754,872
498049,,,,509,602
498076,,,,391,590
498085,,,,606,899
498094,,,,346,520
498100,,,,604,899
498119,,,,179,281
498289,,,,28,71
498298,,,,123,121
498322,,,,96,153
498331,,,,121,183
498340,,,,67,155
498359,,,,77,150
498368,,,,10,16
498386,,,,91,132
498401,,,,52,70
498410,,,,60,84
498447,,,,315,378
498456,,,,341,379
498474,,,,738,1174
498483,,,,809,214
498553,,,,163,136
498562,Commonwealth University of Pennsylvania,Bloomsburg,PA,10380,12365
498571,Pennsylvania Western University,California,PA,9940,13624
498623,,,,91,117
498641,,,,27,36
498669,,,,48,73
498739,,,,36,31
498748,,,,18,32
498757,,,,107,206
498766,,,,46,62
498775,,,,116,160
498784,,,,32,38
498793,,,,25,27
498809,,,,177,177
498818,,,,31,49
498827,,,,39,70
498836,,,,34,46
498845,,,,32,68
498854,,,,40,73
498863,,,,80,105
498872,,,,177,183
498881,,,,27,45
498890,,,,60,66
498906,,,,108,108
498915,,,,44,44
498924,,,,59,108
498951,,,,66,74
499033,,,,8,25
499079,,,,270,397
499103,,,,24,24
499130,,,,157,250
499149,,,,115,223
499176,,,,346,539
499185,,,,94,282
499255,,,,56,112
499273,,,,616,993
499282,,,,188,315
499291,,,,103,189
499307,,,,54,102
499325,,,,61,61
499334,,,,136,124
499361,,,,51,86
499370,,,,117,139
499389,,,,264,347
499398,,,,58,92
499404,,,,106,175
499413,,,,174,364
499422,,,,105,105
499495,,,,332,459
499529,,,,27,27
499538,,,,29,29
499547,,,,108,292
499556,,,,16,23
499608,,,,32,37
499662,,,,55,54
499671,,,,24,72
499680,,,,192,160
499705,,,,799,923
499723,,,,48,55
499732,,,,21,44
499769,,,,103,204
499866,,,,80,80
499875,,,,617,617
499884,,,,49,64
499893,,,,44,68
499918,,,,17,23
499927,,,,11,13
499936,,,,16,42
499945,,,,10,26
499954,,,,136,186
499963,,,,81,128
499972,,,,11,12
499981,,,,25,25
499990,,,,46,49
500005,,,,33,33
500014,,,,302,982
500023,,,,99,197
500041,,,,58,97
500087,,,,1475,5533
500096,,,,78,323
500157,,,,17,26
500342,,,,69,119
500379,,,,19,19
500388,,,,24,20
500397,,,,63,399
500403,,,,170,331
500412,,,,15,15
500421,,,,89,88
500430,,,,50,94
500449,,,,38,66
500467,,,,21,38
500537,,,,3,4
500555,,,,88,90
